symbol,name,master_exchange,sector,industry,price_proxy,previous_close,share_volume,market_cap,one_yr_target,url,json_path,barchart_url,barchart_fetch_ok,barchart_fetch_round,barchart_fetch_error,barchart_implied_volatility,barchart_historical_volatility,barchart_iv_percentile,barchart_iv_rank,barchart_iv_high,barchart_iv_low,barchart_expected_move,barchart_missing_fields,options_liquidity_source,options_liquidity_fetch_ok,options_liquidity_fetch_error,options_volume,open_interest,atm_bid_ask_spread,legacy_stage1_market_cap,legacy_stage1_reasons,options_liquidity_missing_fields,stage1_step4_implied_volatility,stage1_step4_min_implied_volatility,stage1_step4_min_options_volume,stage1_step4_min_open_interest,stage1_step4_min_market_cap,stage1_step4_market_cap_checked,stage1_step4_verdict,stage1_step4_fail_reason
AEVA,"Aeva Technologies, Inc.",NASDAQ,Consumer Discretionary,Auto Parts:O.E.M.,21.49,21.49,3887434.0,1596193588.0,24.0,https://api.nasdaq.com/api/quote/AEVA/summary?assetclass=stocks,/home/hermes/market-funnel/nasdaq_summary_archive/20260523T034226Z/symbols/AEVA/nasdaq_summary.json,https://www.barchart.com/stocks/quotes/AEVA/overview,TRUE,0,,113.92,119.45,44.0,39.58,143.51,94.54,,,cache,TRUE,,2025,12310,0.8999999999999999,1600000000.0,,,113.92,75.0,1000,1000,1000000000.0,1600000000.0,PASS,
AMKR,"AMKOR TECHNOLOGY, INC.",NASDAQ,Technology,Semiconductors,65.9,65.9,5895258.0,16297618059.0,70.0,https://api.nasdaq.com/api/quote/AMKR/summary?assetclass=stocks,/home/hermes/market-funnel/nasdaq_summary_archive/20260523T034226Z/symbols/AMKR/nasdaq_summary.json,https://www.barchart.com/stocks/quotes/AMKR/overview,TRUE,0,,78.32,62.48,79.0,58.2,108.35,36.51,,,cache,TRUE,,2804,90375,0.39999999999999947,16300000000.0,,,78.32,75.0,1000,1000,1000000000.0,16300000000.0,PASS,
APLD,Applied Digital Corp.,NASDAQ,Finance,Finance: Consumer Services,48.02,48.02,22215241.0,13108248754.0,46.0,https://api.nasdaq.com/api/quote/APLD/summary?assetclass=stocks,/home/hermes/market-funnel/nasdaq_summary_archive/20260523T034226Z/symbols/APLD/nasdaq_summary.json,https://www.barchart.com/stocks/quotes/APLD/overview,TRUE,0,,99.47,108.68,20.0,31.87,142.73,79.23,,,cache,TRUE,,32267,60387,0.1299999999999999,13110000000.0,,,99.47,75.0,1000,1000,1000000000.0,13110000000.0,PASS,
ASST,"Strive, Inc.",NASDAQ,Technology,Computer Software: Prepackaged Software,18.53,18.53,7804389.0,1330834711.0,26.0,https://api.nasdaq.com/api/quote/ASST/summary?assetclass=stocks,/home/hermes/market-funnel/nasdaq_summary_archive/20260523T034226Z/symbols/ASST/nasdaq_summary.json,https://www.barchart.com/stocks/quotes/ASST/overview,TRUE,0,,101.64,84.55,3.0,2.1,405.79,95.12,,,cache,TRUE,,11077,7426,0.21999999999999986,1260000000.0,,,101.64,75.0,1000,1000,1000000000.0,1260000000.0,PASS,
BRZE,"Braze, Inc.",NASDAQ,Technology,Computer Software: Prepackaged Software,23.41,23.41,3074675.0,2964170596.0,32.0,https://api.nasdaq.com/api/quote/BRZE/summary?assetclass=stocks,/home/hermes/market-funnel/nasdaq_summary_archive/20260523T034226Z/symbols/BRZE/nasdaq_summary.json,https://www.barchart.com/stocks/quotes/BRZE/overview,TRUE,0,,93.58,71.4,94.0,87.62,101.18,39.8,,,cache,TRUE,,1374,8066,0.25,2720000000.0,,,93.58,75.0,1000,1000,1000000000.0,2720000000.0,PASS,
BTDR,Bitdeer Technologies Group,NASDAQ,Finance,Finance: Consumer Services,14.92,14.92,7944834.0,3564545016.0,20.0,https://api.nasdaq.com/api/quote/BTDR/summary?assetclass=stocks,/home/hermes/market-funnel/nasdaq_summary_archive/20260523T034226Z/symbols/BTDR/nasdaq_summary.json,https://www.barchart.com/stocks/quotes/BTDR/overview,TRUE,0,,104.8,96.04,45.0,31.85,177.29,70.91,,,cache,TRUE,,8984,24704,0.20000000000000007,3560000000.0,,,104.8,75.0,1000,1000,1000000000.0,3560000000.0,PASS,
CIFR,Cipher Digital Inc.,NASDAQ,Finance,Finance: Consumer Services,21.52,21.52,19436524.0,8986810858.0,28.0,https://api.nasdaq.com/api/quote/CIFR/summary?assetclass=stocks,/home/hermes/market-funnel/nasdaq_summary_archive/20260523T034226Z/symbols/CIFR/nasdaq_summary.json,https://www.barchart.com/stocks/quotes/CIFR/overview,TRUE,0,,99.04,99.41,16.0,14.78,177.16,85.5,,,cache,TRUE,,54186,52589,0.11999999999999988,8990000000.0,,,99.04,75.0,1000,1000,1000000000.0,8990000000.0,PASS,
CLSK,"CLEANSPARK, INC.",NASDAQ,Finance,Finance: Consumer Services,15.76,15.76,21146824.0,4098039438.0,21.5,https://api.nasdaq.com/api/quote/CLSK/summary?assetclass=stocks,/home/hermes/market-funnel/nasdaq_summary_archive/20260523T034226Z/symbols/CLSK/nasdaq_summary.json,https://www.barchart.com/stocks/quotes/CLSK/overview,TRUE,0,,87.63,70.0,34.0,31.71,137.89,64.29,,,cache,TRUE,,27460,39207,0.039999999999999925,4099999999.9999995,,,87.63,75.0,1000,1000,1000000000.0,4099999999.9999995,PASS,
CMPS,COMPASS Pathways plc,NASDAQ,Health Care,Biotechnology: Pharmaceutical Preparations,11.59,11.59,3871019.0,1593751469.0,18.0,https://api.nasdaq.com/api/quote/CMPS/summary?assetclass=stocks,/home/hermes/market-funnel/nasdaq_summary_archive/20260523T034226Z/symbols/CMPS/nasdaq_summary.json,https://www.barchart.com/stocks/quotes/CMPS/overview,TRUE,0,,80.38,126.61,9.0,4.29,287.3,71.12,,,cache,TRUE,,2225,27675,0.4999999999999999,1590000000.0,,,80.38,75.0,1000,1000,1000000000.0,1590000000.0,PASS,
CRML,Critical Metals Corp.,NASDAQ,Basic Materials,Metal Mining,11.14,11.14,10149001.0,1385988853.0,20.0,https://api.nasdaq.com/api/quote/CRML/summary?assetclass=stocks,/home/hermes/market-funnel/nasdaq_summary_archive/20260523T034226Z/symbols/CRML/nasdaq_summary.json,https://www.barchart.com/stocks/quotes/CRML/overview,TRUE,0,,110.97,157.02,5.0,9.35,326.89,88.7,,,cache,TRUE,,4955,11742,0.35,1340000000.0,,,110.97,75.0,1000,1000,1000000000.0,1340000000.0,PASS,
CSIQ,Canadian Solar Inc.,NASDAQ,Technology,Semiconductors,18.1,18.1,3248167.0,1280379749.0,15.15,https://api.nasdaq.com/api/quote/CSIQ/summary?assetclass=stocks,/home/hermes/market-funnel/nasdaq_summary_archive/20260523T034226Z/symbols/CSIQ/nasdaq_summary.json,https://www.barchart.com/stocks/quotes/CSIQ/overview,TRUE,0,,96.88,88.21,85.0,68.3,116.62,54.35,,,cache,TRUE,,2319,6798,0.19999999999999996,1280000000.0,,,96.88,75.0,1000,1000,1000000000.0,1280000000.0,PASS,
ENPH,"Enphase Energy, Inc.",NASDAQ,Technology,Semiconductors,62.34,62.34,10996353.0,8439040027.0,37.0,https://api.nasdaq.com/api/quote/ENPH/summary?assetclass=stocks,/home/hermes/market-funnel/nasdaq_summary_archive/20260523T034226Z/symbols/ENPH/nasdaq_summary.json,https://www.barchart.com/stocks/quotes/ENPH/overview,TRUE,0,,101.31,94.02,99.0,90.39,106.4,53.42,,,cache,TRUE,,9163,21962,0.4500000000000002,8439999999.999999,,,101.31,75.0,1000,1000,1000000000.0,8439999999.999999,PASS,
FCEL,FUELCELL ENERGY INC,NASDAQ,Energy,Industrial Machinery/Components,26.38,26.38,12077530.0,1324976429.0,7.62,https://api.nasdaq.com/api/quote/FCEL/summary?assetclass=stocks,/home/hermes/market-funnel/nasdaq_summary_archive/20260523T034226Z/symbols/FCEL/nasdaq_summary.json,https://www.barchart.com/stocks/quotes/FCEL/overview,TRUE,0,,172.84,173.56,96.0,74.46,206.84,73.72,,,cache,TRUE,,7473,18860,0.5499999999999998,1320000000.0,,,172.84,75.0,1000,1000,1000000000.0,1320000000.0,PASS,
FLNC,"Fluence Energy, Inc.",NASDAQ,Miscellaneous,Industrial Machinery/Components,20.19,20.19,10969377.0,3960183368.0,17.0,https://api.nasdaq.com/api/quote/FLNC/summary?assetclass=stocks,/home/hermes/market-funnel/nasdaq_summary_archive/20260523T034226Z/symbols/FLNC/nasdaq_summary.json,https://www.barchart.com/stocks/quotes/FLNC/overview,TRUE,0,,117.11,148.38,79.0,64.85,140.36,74.2,,,cache,TRUE,,14318,39451,0.25,3960000000.0,,,117.11,75.0,1000,1000,1000000000.0,3960000000.0,PASS,
FLY,Firefly Aerospace Inc.,NASDAQ,Industrials,Military/Government/Technical,42.86,42.86,8823162.0,7931643242.0,36.0,https://api.nasdaq.com/api/quote/FLY/summary?assetclass=stocks,/home/hermes/market-funnel/nasdaq_summary_archive/20260523T034226Z/symbols/FLY/nasdaq_summary.json,https://www.barchart.com/stocks/quotes/FLY/overview,TRUE,0,,123.83,109.86,75.0,69.97,147.81,67.93,,,cache,TRUE,,5397,7262,1.6999999999999997,7930000000.0,,,123.83,75.0,1000,1000,1000000000.0,7930000000.0,PASS,
FSLY,"Fastly, Inc.",NASDAQ,Technology,Computer Software: Prepackaged Software,16.4,16.4,5942212.0,2554080000.0,24.0,https://api.nasdaq.com/api/quote/FSLY/summary?assetclass=stocks,/home/hermes/market-funnel/nasdaq_summary_archive/20260523T034226Z/symbols/FSLY/nasdaq_summary.json,https://www.barchart.com/stocks/quotes/FSLY/overview,TRUE,0,,80.35,170.76,49.0,26.07,177.58,46.06,,,cache,TRUE,,2596,16908,0.19999999999999996,2550000000.0,,,80.35,75.0,1000,1000,1000000000.0,2550000000.0,PASS,
GLXY,Galaxy Digital Inc.,NASDAQ,Finance,Investment Bankers/Brokers/Service,29.57,29.57,4068355.0,11190985955.0,42.5,https://api.nasdaq.com/api/quote/GLXY/summary?assetclass=stocks,/home/hermes/market-funnel/nasdaq_summary_archive/20260523T034226Z/symbols/GLXY/nasdaq_summary.json,https://www.barchart.com/stocks/quotes/GLXY/overview,TRUE,0,,82.81,68.69,14.0,20.07,120.28,73.4,,,cache,TRUE,,6025,27434,0.2100000000000002,11170000000.0,,,82.81,75.0,1000,1000,1000000000.0,11170000000.0,PASS,
GTLB,Gitlab Inc.,NASDAQ,Technology,Computer Software: Prepackaged Software,25.62,25.62,3052961.0,4540830012.0,28.0,https://api.nasdaq.com/api/quote/GTLB/summary?assetclass=stocks,/home/hermes/market-funnel/nasdaq_summary_archive/20260523T034226Z/symbols/GTLB/nasdaq_summary.json,https://www.barchart.com/stocks/quotes/GTLB/overview,TRUE,0,,89.27,66.78,98.0,88.09,95.88,40.42,,,cache,TRUE,,3010,2300,0.7,4510000000.0,,,89.27,75.0,1000,1000,1000000000.0,4510000000.0,PASS,
HIMX,"Himax Technologies, Inc.",NASDAQ,Technology,Semiconductors,19.89,19.89,4287841.0,3669921231.0,23.7,https://api.nasdaq.com/api/quote/HIMX/summary?assetclass=stocks,/home/hermes/market-funnel/nasdaq_summary_archive/20260523T034226Z/symbols/HIMX/nasdaq_summary.json,https://www.barchart.com/stocks/quotes/HIMX/overview,TRUE,0,,95.88,116.04,97.0,81.99,107.76,41.78,,,cache,TRUE,,5200,56849,0.40000000000000013,3670000000.0,,,95.88,75.0,1000,1000,1000000000.0,3670000000.0,PASS,
HLIT,HARMONIC INC.,NASDAQ,Technology,Radio And Television Broadcasting And Communications Equipment,12.7,12.7,12974029.0,1649145827.0,15.0,https://api.nasdaq.com/api/quote/HLIT/summary?assetclass=stocks,/home/hermes/market-funnel/nasdaq_summary_archive/20260523T034226Z/symbols/HLIT/nasdaq_summary.json,https://www.barchart.com/stocks/quotes/HLIT/overview,TRUE,0,,100.38,65.08,91.0,54.39,167.36,20.5,,,cache,TRUE,,11690,5132,0.20000000000000018,1650000000.0,,,100.38,75.0,1000,1000,1000000000.0,1650000000.0,PASS,
IRDM,Iridium Communications Inc.,NASDAQ,Telecommunications,Telecommunications Equipment,45.7,45.7,2247350.0,5163743017.0,39.0,https://api.nasdaq.com/api/quote/IRDM/summary?assetclass=stocks,/home/hermes/market-funnel/nasdaq_summary_archive/20260523T034226Z/symbols/IRDM/nasdaq_summary.json,https://www.barchart.com/stocks/quotes/IRDM/overview,TRUE,0,,80.7,64.44,99.0,99.82,80.78,35.16,,,cache,TRUE,,3195,17554,0.2999999999999998,5160000000.0,,,80.7,75.0,1000,1000,1000000000.0,5160000000.0,PASS,
IREN,IREN Ltd,NASDAQ,Technology,EDP Services,58.06,58.06,36374598.0,20309830043.0,80.0,https://api.nasdaq.com/api/quote/IREN/summary?assetclass=stocks,/home/hermes/market-funnel/nasdaq_summary_archive/20260523T034226Z/symbols/IREN/nasdaq_summary.json,https://www.barchart.com/stocks/quotes/IREN/overview,TRUE,0,,99.49,105.86,29.0,33.26,143.04,77.78,,,cache,TRUE,,145278,189627,0.16999999999999993,20280000000.0,,,99.49,75.0,1000,1000,1000000000.0,20280000000.0,PASS,
LPTH,LIGHTPATH TECHNOLOGIES INC,NASDAQ,Technology,Semiconductors,14.28,14.28,7850173.0,1064280449.0,15.95,https://api.nasdaq.com/api/quote/LPTH/summary?assetclass=stocks,/home/hermes/market-funnel/nasdaq_summary_archive/20260523T034226Z/symbols/LPTH/nasdaq_summary.json,https://www.barchart.com/stocks/quotes/LPTH/overview,TRUE,0,,129.33,113.67,79.0,16.48,313.78,92.94,,,cache,TRUE,,10845,35377,0.8999999999999999,1060000000.0,,,129.33,75.0,1000,1000,1000000000.0,1060000000.0,PASS,
LUNR,"Intuitive Machines, Inc.",NASDAQ,Industrials,Industrial Machinery/Components,34.24,34.24,14814308.0,8303221509.0,42.0,https://api.nasdaq.com/api/quote/LUNR/summary?assetclass=stocks,/home/hermes/market-funnel/nasdaq_summary_archive/20260523T034226Z/symbols/LUNR/nasdaq_summary.json,https://www.barchart.com/stocks/quotes/LUNR/overview,TRUE,0,,128.57,103.03,96.0,74.58,153.97,54.08,,,cache,TRUE,,15162,25053,0.3899999999999997,8300000000.000001,,,128.57,75.0,1000,1000,1000000000.0,8300000000.000001,PASS,
LWLG,"Lightwave Logic, Inc.",NASDAQ,Industrials,Containers/Packaging,13.17,13.17,6633844.0,1979923271.0,,https://api.nasdaq.com/api/quote/LWLG/summary?assetclass=stocks,/home/hermes/market-funnel/nasdaq_summary_archive/20260523T034226Z/symbols/LWLG/nasdaq_summary.json,https://www.barchart.com/stocks/quotes/LWLG/overview,TRUE,0,,139.96,150.35,73.0,62.04,177.3,78.96,,,cache,TRUE,,4813,47239,0.2999999999999998,1980000000.0,,,139.96,75.0,1000,1000,1000000000.0,1980000000.0,PASS,
MARA,"MARA Holdings, Inc.",NASDAQ,Technology,EDP Services,13.55,13.55,40169136.0,5265345646.0,15.5,https://api.nasdaq.com/api/quote/MARA/summary?assetclass=stocks,/home/hermes/market-funnel/nasdaq_summary_archive/20260523T034226Z/symbols/MARA/nasdaq_summary.json,https://www.barchart.com/stocks/quotes/MARA/overview,TRUE,0,,81.04,68.47,37.0,30.67,130.27,59.26,,,cache,TRUE,,88983,164141,0.030000000000000027,5270000000.0,,,81.04,75.0,1000,1000,1000000000.0,5270000000.0,PASS,
NNE,Nano Nuclear Energy Inc.,NASDAQ,Utilities,Electric Utilities: Central,25.08,25.08,2138422.0,1392186449.0,45.5,https://api.nasdaq.com/api/quote/NNE/summary?assetclass=stocks,/home/hermes/market-funnel/nasdaq_summary_archive/20260523T034226Z/symbols/NNE/nasdaq_summary.json,https://www.barchart.com/stocks/quotes/NNE/overview,TRUE,0,,96.27,115.14,58.0,38.81,132.6,73.22,,,cache,TRUE,,2815,6380,0.3500000000000001,1390000000.0,,,96.27,75.0,1000,1000,1000000000.0,1390000000.0,PASS,
NVTS,Navitas Semiconductor Corp,NASDAQ,Technology,Semiconductors,24.38,24.38,51184372.0,6836110106.0,12.5,https://api.nasdaq.com/api/quote/NVTS/summary?assetclass=stocks,/home/hermes/market-funnel/nasdaq_summary_archive/20260523T034226Z/symbols/NVTS/nasdaq_summary.json,https://www.barchart.com/stocks/quotes/NVTS/overview,TRUE,0,,145.92,161.41,95.0,58.47,196.43,74.8,,,cache,TRUE,,36403,34655,0.31000000000000005,6840000000.0,,,145.92,75.0,1000,1000,1000000000.0,6840000000.0,PASS,
OUST,"Ouster, Inc.",NASDAQ,Industrials,Industrial Machinery/Components,35.09,35.09,5490752.0,2349964200.0,40.0,https://api.nasdaq.com/api/quote/OUST/summary?assetclass=stocks,/home/hermes/market-funnel/nasdaq_summary_archive/20260523T034226Z/symbols/OUST/nasdaq_summary.json,https://www.barchart.com/stocks/quotes/OUST/overview,TRUE,0,,112.23,115.49,73.0,59.76,136.9,75.59,,,cache,TRUE,,5943,5386,0.5,2360000000.0,,,112.23,75.0,1000,1000,1000000000.0,2360000000.0,PASS,
PCT,"PureCycle Technologies, Inc.",NASDAQ,Industrials,Major Chemicals,11.33,11.33,3915233.0,2047375386.0,14.0,https://api.nasdaq.com/api/quote/PCT/summary?assetclass=stocks,/home/hermes/market-funnel/nasdaq_summary_archive/20260523T034226Z/symbols/PCT/nasdaq_summary.json,https://www.barchart.com/stocks/quotes/PCT/overview,TRUE,0,,94.79,86.7,63.0,61.05,125.37,46.85,,,cache,TRUE,,7452,11208,0.09999999999999998,2049999999.9999998,,,94.79,75.0,1000,1000,1000000000.0,2049999999.9999998,PASS,
PENG,"Penguin Solutions, Inc.",NASDAQ,Technology,Semiconductors,48.81,48.81,3178030.0,2700274901.0,33.0,https://api.nasdaq.com/api/quote/PENG/summary?assetclass=stocks,/home/hermes/market-funnel/nasdaq_summary_archive/20260523T034226Z/symbols/PENG/nasdaq_summary.json,https://www.barchart.com/stocks/quotes/PENG/overview,TRUE,0,,106.78,72.84,99.0,98.41,107.86,39.8,,,cache,TRUE,,5224,26473,1.2999999999999998,2700000000.0,,,106.78,75.0,1000,1000,1000000000.0,2700000000.0,PASS,
PGY,Pagaya Technologies Ltd.,NASDAQ,Finance,Finance: Consumer Services,13.08,13.08,3815149.0,1083298340.0,27.0,https://api.nasdaq.com/api/quote/PGY/summary?assetclass=stocks,/home/hermes/market-funnel/nasdaq_summary_archive/20260523T034226Z/symbols/PGY/nasdaq_summary.json,https://www.barchart.com/stocks/quotes/PGY/overview,TRUE,0,,76.0,65.68,15.0,33.99,117.25,54.77,,,cache,TRUE,,1489,9924,0.20000000000000007,1060000000.0,,,76.0,75.0,1000,1000,1000000000.0,1060000000.0,PASS,
POET,POET TECHNOLOGIES INC.,NASDAQ,Technology,Semiconductors,14.82,14.82,33765995.0,2230717682.0,7.3,https://api.nasdaq.com/api/quote/POET/summary?assetclass=stocks,/home/hermes/market-funnel/nasdaq_summary_archive/20260523T034226Z/symbols/POET/nasdaq_summary.json,https://www.barchart.com/stocks/quotes/POET/overview,TRUE,0,,146.94,290.73,93.0,66.06,198.72,46.16,,,cache,TRUE,,43639,87928,0.1299999999999999,2230000000.0,,,146.94,75.0,1000,1000,1000000000.0,2230000000.0,PASS,
PPTA,PERPETUA RESOURCES CORP.,NASDAQ,Basic Materials,Precious Metals,26.72,26.72,2736902.0,3167392816.0,39.8,https://api.nasdaq.com/api/quote/PPTA/summary?assetclass=stocks,/home/hermes/market-funnel/nasdaq_summary_archive/20260523T034226Z/symbols/PPTA/nasdaq_summary.json,https://www.barchart.com/stocks/quotes/PPTA/overview,TRUE,0,,76.51,80.2,39.0,28.91,114.18,61.19,,,cache,TRUE,,3275,15517,0.6000000000000001,3170000000.0,,,76.51,75.0,1000,1000,1000000000.0,3170000000.0,PASS,
QUBT,Quantum Computing Inc.,NASDAQ,Technology,Computer Software: Prepackaged Software,11.41,11.41,68053944.0,2776335690.0,18.0,https://api.nasdaq.com/api/quote/QUBT/summary?assetclass=stocks,/home/hermes/market-funnel/nasdaq_summary_archive/20260523T034226Z/symbols/QUBT/nasdaq_summary.json,https://www.barchart.com/stocks/quotes/QUBT/overview,TRUE,0,,108.51,114.89,72.0,43.31,152.99,74.54,,,cache,TRUE,,54496,30238,0.05999999999999994,2780000000.0,,,108.51,75.0,1000,1000,1000000000.0,2780000000.0,PASS,
RGTI,"Rigetti Computing, Inc.",NASDAQ,Technology,EDP Services,22.04,22.04,204233244.0,8781976481.0,30.5,https://api.nasdaq.com/api/quote/RGTI/summary?assetclass=stocks,/home/hermes/market-funnel/nasdaq_summary_archive/20260523T034226Z/symbols/RGTI/nasdaq_summary.json,https://www.barchart.com/stocks/quotes/RGTI/overview,TRUE,0,,122.93,127.11,87.0,51.47,168.74,74.35,,,cache,TRUE,,169515,65878,0.1499999999999999,8780000000.0,,,122.93,75.0,1000,1000,1000000000.0,8780000000.0,PASS,
RIOT,"Riot Platforms, Inc.",NASDAQ,Finance,Finance: Consumer Services,24.47,24.47,11155160.0,9252669929.0,25.0,https://api.nasdaq.com/api/quote/RIOT/summary?assetclass=stocks,/home/hermes/market-funnel/nasdaq_summary_archive/20260523T034226Z/symbols/RIOT/nasdaq_summary.json,https://www.barchart.com/stocks/quotes/RIOT/overview,TRUE,0,,84.03,79.03,48.0,34.36,118.13,66.18,,,cache,TRUE,,52608,45867,0.04999999999999993,9260000000.0,,,84.03,75.0,1000,1000,1000000000.0,9260000000.0,PASS,
RLAY,"Relay Therapeutics, Inc.",NASDAQ,Health Care,Biotechnology: Biological Products (No Diagnostic Substances),13.66,13.66,5355400.0,2592160812.0,21.5,https://api.nasdaq.com/api/quote/RLAY/summary?assetclass=stocks,/home/hermes/market-funnel/nasdaq_summary_archive/20260523T034226Z/symbols/RLAY/nasdaq_summary.json,https://www.barchart.com/stocks/quotes/RLAY/overview,TRUE,0,,95.45,66.25,3.0,3.42,759.75,71.91,,,cache,TRUE,,2057,39565,0.8,2590000000.0,,,95.45,75.0,1000,1000,1000000000.0,2590000000.0,PASS,
RUN,Sunrun Inc.,NASDAQ,Miscellaneous,Industrial Machinery/Components,14.445,14.445,5841028.0,3487590576.0,20.0,https://api.nasdaq.com/api/quote/RUN/summary?assetclass=stocks,/home/hermes/market-funnel/nasdaq_summary_archive/20260523T034226Z/symbols/RUN/nasdaq_summary.json,https://www.barchart.com/stocks/quotes/RUN/overview,TRUE,0,,86.92,64.01,43.0,25.4,162.47,61.2,,,cache,TRUE,,2948,6626,0.21000000000000008,3490000000.0,,,86.92,75.0,1000,1000,1000000000.0,3490000000.0,PASS,
SEDG,"SOLAREDGE TECHNOLOGIES, INC.",NASDAQ,Technology,Semiconductors,63.0,63.0,4079940.0,3767687614.0,36.0,https://api.nasdaq.com/api/quote/SEDG/summary?assetclass=stocks,/home/hermes/market-funnel/nasdaq_summary_archive/20260523T034226Z/symbols/SEDG/nasdaq_summary.json,https://www.barchart.com/stocks/quotes/SEDG/overview,TRUE,0,,111.03,116.75,82.0,72.83,127.25,67.54,,,cache,TRUE,,3946,7971,0.7500000000000004,3770000000.0,,,111.03,75.0,1000,1000,1000000000.0,3770000000.0,PASS,
SMCI,"Super Micro Computer, Inc.",NASDAQ,Technology,Computer Manufacturing,33.46,33.46,39440985.0,21398469590.0,34.0,https://api.nasdaq.com/api/quote/SMCI/summary?assetclass=stocks,/home/hermes/market-funnel/nasdaq_summary_archive/20260523T034226Z/symbols/SMCI/nasdaq_summary.json,https://www.barchart.com/stocks/quotes/SMCI/overview,TRUE,0,,76.05,89.17,62.0,42.18,109.04,51.99,,,cache,TRUE,,166375,87456,0.1100000000000001,21400000000.0,,,76.05,75.0,1000,1000,1000000000.0,21400000000.0,PASS,
USAR,"USA Rare Earth, Inc.",NASDAQ,Basic Materials,Metal Mining,24.29,24.29,18253936.0,5642794760.0,35.0,https://api.nasdaq.com/api/quote/USAR/summary?assetclass=stocks,/home/hermes/market-funnel/nasdaq_summary_archive/20260523T034226Z/symbols/USAR/nasdaq_summary.json,https://www.barchart.com/stocks/quotes/USAR/overview,TRUE,0,,105.2,109.17,35.0,15.91,190.34,89.09,,,cache,TRUE,,15579,23261,0.1100000000000001,5640000000.0,,,105.2,75.0,1000,1000,1000000000.0,5640000000.0,PASS,
VIAV,VIAVI SOLUTIONS INC.,NASDAQ,Technology,Semiconductors,48.98,48.98,4588740.0,11580778644.0,65.0,https://api.nasdaq.com/api/quote/VIAV/summary?assetclass=stocks,/home/hermes/market-funnel/nasdaq_summary_archive/20260523T034226Z/symbols/VIAV/nasdaq_summary.json,https://www.barchart.com/stocks/quotes/VIAV/overview,TRUE,0,,88.77,68.65,90.0,69.65,115.13,28.28,,,cache,TRUE,,3857,61361,0.5999999999999996,12000000000.0,,,88.77,75.0,1000,1000,1000000000.0,12000000000.0,PASS,
WULF,TERAWULF INC.,NASDAQ,Technology,EDP Services,22.92,22.92,20787625.0,11308054959.0,30.0,https://api.nasdaq.com/api/quote/WULF/summary?assetclass=stocks,/home/hermes/market-funnel/nasdaq_summary_archive/20260523T034226Z/symbols/WULF/nasdaq_summary.json,https://www.barchart.com/stocks/quotes/WULF/overview,TRUE,0,,88.37,74.26,8.0,10.54,163.28,79.55,,,cache,TRUE,,39606,53625,0.11999999999999988,11310000000.0,,,88.37,75.0,1000,1000,1000000000.0,11310000000.0,PASS,
WYFI,"WhiteFiber, Inc.",NASDAQ,Finance,Finance: Consumer Services,29.55,29.55,1805681.0,1165763181.0,33.5,https://api.nasdaq.com/api/quote/WYFI/summary?assetclass=stocks,/home/hermes/market-funnel/nasdaq_summary_archive/20260523T034226Z/symbols/WYFI/nasdaq_summary.json,https://www.barchart.com/stocks/quotes/WYFI/overview,TRUE,0,,142.93,128.64,88.0,61.75,168.1,102.29,,,cache,TRUE,,7932,15056,0.5,1170000000.0,,,142.93,75.0,1000,1000,1000000000.0,1170000000.0,PASS,
XE,"X-Energy, Inc.",NASDAQ,Industrials,Metal Fabrications,29.0,29.0,2874397.0,11193441711.0,38.0,https://api.nasdaq.com/api/quote/XE/summary?assetclass=stocks,/home/hermes/market-funnel/nasdaq_summary_archive/20260523T034226Z/symbols/XE/nasdaq_summary.json,https://www.barchart.com/stocks/quotes/XE/overview,TRUE,2,,107.5,,16.0,11.31,130.53,104.56,,barchart_historical_volatility,cache,TRUE,,1723,19476,0.6000000000000001,11460000000.0,,,107.5,75.0,1000,1000,1000000000.0,11460000000.0,PASS,
AMPX,"Amprius Technologies, Inc.",NYSE,Miscellaneous,Industrial Machinery/Components,15.3,15.3,7423540.0,2270283535.0,22.0,https://api.nasdaq.com/api/quote/AMPX/summary?assetclass=stocks,/home/hermes/market-funnel/nasdaq_summary_archive/20260523T034226Z/symbols/AMPX/nasdaq_summary.json,https://www.barchart.com/stocks/quotes/AMPX/overview,TRUE,0,,89.88,118.93,10.0,14.49,133.06,82.56,,,cache,TRUE,,5422,6274,0.4,2270000000.0,,,89.88,75.0,1000,1000,1000000000.0,2270000000.0,PASS,
BKSY,BlackSky Technology Inc.,NYSE,Technology,Radio And Television Broadcasting And Communications Equipment,44.65,44.65,2048128.0,1776409075.0,35.5,https://api.nasdaq.com/api/quote/BKSY/summary?assetclass=stocks,/home/hermes/market-funnel/nasdaq_summary_archive/20260523T034226Z/symbols/BKSY/nasdaq_summary.json,https://www.barchart.com/stocks/quotes/BKSY/overview,TRUE,0,,126.5,133.78,86.0,68.18,153.38,68.89,,,cache,TRUE,,1756,8395,1.4999999999999991,1780000000.0,,,126.5,75.0,1000,1000,1000000000.0,1780000000.0,PASS,
FIG,"Figma, Inc.",NYSE,Technology,Computer Software: Prepackaged Software,21.59,21.59,16884706.0,11999431973.0,36.5,https://api.nasdaq.com/api/quote/FIG/summary?assetclass=stocks,/home/hermes/market-funnel/nasdaq_summary_archive/20260523T034226Z/symbols/FIG/nasdaq_summary.json,https://www.barchart.com/stocks/quotes/FIG/overview,TRUE,0,,82.94,80.81,50.0,35.04,145.44,49.23,,,cache,TRUE,,15086,30458,0.19999999999999996,12000000000.0,,,82.94,75.0,1000,1000,1000000000.0,12000000000.0,PASS,
INFQ,"Infleqtion, Inc.",NYSE,Technology,EDP Services,14.7,14.7,65626226.0,3567519168.0,21.0,https://api.nasdaq.com/api/quote/INFQ/summary?assetclass=stocks,/home/hermes/market-funnel/nasdaq_summary_archive/20260523T034226Z/symbols/INFQ/nasdaq_summary.json,https://www.barchart.com/stocks/quotes/INFQ/overview,TRUE,0,,129.9,129.64,91.0,47.34,167.84,95.79,,,cache,TRUE,,47634,46229,0.5,3570000000.0,,,129.9,75.0,1000,1000,1000000000.0,3570000000.0,PASS,
IONQ,"IonQ, Inc.",NYSE,Technology,EDP Services,58.89,58.89,52650276.0,23754899491.0,65.0,https://api.nasdaq.com/api/quote/IONQ/summary?assetclass=stocks,/home/hermes/market-funnel/nasdaq_summary_archive/20260523T034226Z/symbols/IONQ/nasdaq_summary.json,https://www.barchart.com/stocks/quotes/IONQ/overview,TRUE,0,,107.23,113.11,83.0,59.5,133.43,68.72,,,cache,TRUE,,49138,54090,0.3500000000000001,23750000000.0,,,107.23,75.0,1000,1000,1000000000.0,23750000000.0,PASS,
JOBY,"Joby Aviation, Inc.",NYSE,Industrials,Aerospace,10.4,10.4,36013439.0,10741379944.0,10.25,https://api.nasdaq.com/api/quote/JOBY/summary?assetclass=stocks,/home/hermes/market-funnel/nasdaq_summary_archive/20260523T034226Z/symbols/JOBY/nasdaq_summary.json,https://www.barchart.com/stocks/quotes/JOBY/overview,TRUE,0,,76.39,78.37,31.0,24.13,114.16,64.38,,,cache,TRUE,,11446,23650,0.06,10740000000.0,,,76.39,75.0,1000,1000,1000000000.0,10740000000.0,PASS,
KSS,KOHLS Corp,NYSE,Consumer Discretionary,Department/Specialty Retail Stores,12.7,12.7,5188392.0,1466026152.0,15.0,https://api.nasdaq.com/api/quote/KSS/summary?assetclass=stocks,/home/hermes/market-funnel/nasdaq_summary_archive/20260523T034226Z/symbols/KSS/nasdaq_summary.json,https://www.barchart.com/stocks/quotes/KSS/overview,TRUE,0,,86.54,56.72,75.0,31.79,156.02,54.15,,,cache,TRUE,,3847,9864,0.13,1470000000.0,,,86.54,75.0,1000,1000,1000000000.0,1470000000.0,PASS,
NOK,NOKIA CORP,NYSE,Technology,Radio And Television Broadcasting And Communications Equipment,14.18,14.18,127727733.0,88832448097.0,12.85,https://api.nasdaq.com/api/quote/NOK/summary?assetclass=stocks,/home/hermes/market-funnel/nasdaq_summary_archive/20260523T034226Z/symbols/NOK/nasdaq_summary.json,https://www.barchart.com/stocks/quotes/NOK/overview,TRUE,0,,75.11,72.68,95.0,41.58,145.78,24.81,,,cache,TRUE,,150035,160676,0.040000000000000036,86520000000.0,,,75.11,75.0,1000,1000,1000000000.0,86520000000.0,PASS,
OKLO,Oklo Inc.,NYSE,Utilities,Electric Utilities: Central,65.09,65.09,11410682.0,11462526224.0,85.0,https://api.nasdaq.com/api/quote/OKLO/summary?assetclass=stocks,/home/hermes/market-funnel/nasdaq_summary_archive/20260523T034226Z/symbols/OKLO/nasdaq_summary.json,https://www.barchart.com/stocks/quotes/OKLO/overview,TRUE,0,,88.92,115.41,14.0,19.15,146.45,75.29,,,cache,TRUE,,39757,51312,0.38000000000000034,11460000000.0,,,88.92,75.0,1000,1000,1000000000.0,11460000000.0,PASS,
PATH,"UiPath, Inc.",NYSE,Technology,Computer Software: Prepackaged Software,10.57,10.57,39347027.0,5688446329.0,13.0,https://api.nasdaq.com/api/quote/PATH/summary?assetclass=stocks,/home/hermes/market-funnel/nasdaq_summary_archive/20260523T034226Z/symbols/PATH/nasdaq_summary.json,https://www.barchart.com/stocks/quotes/PATH/overview,TRUE,0,,96.42,53.99,96.0,84.99,108.06,30.46,,,cache,TRUE,,23032,49139,0.030000000000000027,5690000000.0,,,96.42,75.0,1000,1000,1000000000.0,5690000000.0,PASS,
PL,Planet Labs PBC,NYSE,Technology,Radio And Television Broadcasting And Communications Equipment,42.48,42.48,9811856.0,15351709347.0,35.0,https://api.nasdaq.com/api/quote/PL/summary?assetclass=stocks,/home/hermes/market-funnel/nasdaq_summary_archive/20260523T034226Z/symbols/PL/nasdaq_summary.json,https://www.barchart.com/stocks/quotes/PL/overview,TRUE,0,,133.52,83.34,97.0,93.23,138.26,68.25,,,cache,TRUE,,7913,15976,0.25,15350000000.0,,,133.52,75.0,1000,1000,1000000000.0,15350000000.0,PASS,
PUMP,ProPetro Holding Corp.,NYSE,Energy,Oilfield Services/Equipment,17.44,17.44,7855530.0,2078357743.0,20.0,https://api.nasdaq.com/api/quote/PUMP/summary?assetclass=stocks,/home/hermes/market-funnel/nasdaq_summary_archive/20260523T034226Z/symbols/PUMP/nasdaq_summary.json,https://www.barchart.com/stocks/quotes/PUMP/overview,TRUE,0,,89.62,59.85,87.0,45.86,142.79,44.58,,,cache,TRUE,,14243,42459,0.20000000000000018,2080000000.0,,,89.62,75.0,1000,1000,1000000000.0,2080000000.0,PASS,
QBTS,D-Wave Quantum Inc.,NYSE,Technology,EDP Services,25.74,25.74,141703219.0,10782085469.0,37.0,https://api.nasdaq.com/api/quote/QBTS/summary?assetclass=stocks,/home/hermes/market-funnel/nasdaq_summary_archive/20260523T034226Z/symbols/QBTS/nasdaq_summary.json,https://www.barchart.com/stocks/quotes/QBTS/overview,TRUE,0,,116.74,137.15,83.0,48.78,159.78,75.74,,,cache,TRUE,,99918,50894,0.21999999999999997,10880000000.0,,,116.74,75.0,1000,1000,1000000000.0,10880000000.0,PASS,
RBRK,"Rubrik, Inc.",NYSE,Technology,Computer Software: Prepackaged Software,64.79,64.79,2430289.0,13704876979.0,84.0,https://api.nasdaq.com/api/quote/RBRK/summary?assetclass=stocks,/home/hermes/market-funnel/nasdaq_summary_archive/20260523T034226Z/symbols/RBRK/nasdaq_summary.json,https://www.barchart.com/stocks/quotes/RBRK/overview,TRUE,0,,89.38,54.09,92.0,85.74,97.71,39.26,,,cache,TRUE,,2436,4660,0.4500000000000002,13700000000.0,,,89.38,75.0,1000,1000,1000000000.0,13700000000.0,PASS,
RDW,Redwire Corp,NYSE,Industrials,Military/Government/Technical,15.35,15.35,55447735.0,3479088553.0,15.0,https://api.nasdaq.com/api/quote/RDW/summary?assetclass=stocks,/home/hermes/market-funnel/nasdaq_summary_archive/20260523T034226Z/symbols/RDW/nasdaq_summary.json,https://www.barchart.com/stocks/quotes/RDW/overview,TRUE,0,,140.96,130.39,100.0,100.0,140.96,66.95,,,cache,TRUE,,21952,31657,0.6000000000000001,3480000000.0,,,140.96,75.0,1000,1000,1000000000.0,3480000000.0,PASS,
SMR,NUSCALE POWER Corp,NYSE,Industrials,Metal Fabrications,11.33,11.33,30207996.0,4166485178.0,19.0,https://api.nasdaq.com/api/quote/SMR/summary?assetclass=stocks,/home/hermes/market-funnel/nasdaq_summary_archive/20260523T034226Z/symbols/SMR/nasdaq_summary.json,https://www.barchart.com/stocks/quotes/SMR/overview,TRUE,0,,100.15,111.88,41.0,40.72,138.87,73.57,,,cache,TRUE,,15619,32974,0.23000000000000004,4170000000.0,,,100.15,75.0,1000,1000,1000000000.0,4170000000.0,PASS,
SOC,Sable Offshore Corp.,NYSE,Energy,Oil & Gas Production,14.57,14.57,2110112.0,2275309293.0,24.0,https://api.nasdaq.com/api/quote/SOC/summary?assetclass=stocks,/home/hermes/market-funnel/nasdaq_summary_archive/20260523T034226Z/symbols/SOC/nasdaq_summary.json,https://www.barchart.com/stocks/quotes/SOC/overview,TRUE,0,,115.48,71.08,40.0,35.33,203.4,67.45,,,cache,TRUE,,1236,7042,0.32000000000000006,2280000000.0,,,115.48,75.0,1000,1000,1000000000.0,2280000000.0,PASS,
UEC,URANIUM ENERGY CORP,NYSE,Basic Materials,Other Metals and Minerals,13.1,13.1,7927987.0,6382674595.0,19.0,https://api.nasdaq.com/api/quote/UEC/summary?assetclass=stocks,/home/hermes/market-funnel/nasdaq_summary_archive/20260523T034226Z/symbols/UEC/nasdaq_summary.json,https://www.barchart.com/stocks/quotes/UEC/overview,TRUE,0,,85.38,85.0,64.0,50.89,112.81,56.95,,,cache,TRUE,,5598,12047,0.18000000000000005,6380000000.0,,,85.38,75.0,1000,1000,1000000000.0,6380000000.0,PASS,
UUUU,ENERGY FUELS INC,NYSE,Industrials,Mining & Quarrying of Nonmetallic Minerals (No Fuels),17.86,17.86,8921241.0,4507600680.0,28.0,https://api.nasdaq.com/api/quote/UUUU/summary?assetclass=stocks,/home/hermes/market-funnel/nasdaq_summary_archive/20260523T034226Z/symbols/UUUU/nasdaq_summary.json,https://www.barchart.com/stocks/quotes/UUUU/overview,TRUE,0,,82.82,86.66,15.0,15.88,187.16,63.13,,,cache,TRUE,,8712,19745,0.05999999999999994,4510000000.0,,,82.82,75.0,1000,1000,1000000000.0,4510000000.0,PASS,
VG,"Venture Global, Inc.",NYSE,Utilities,Oil/Gas Transmission,13.56,13.56,11202258.0,34358671555.0,16.0,https://api.nasdaq.com/api/quote/VG/summary?assetclass=stocks,/home/hermes/market-funnel/nasdaq_summary_archive/20260523T034226Z/symbols/VG/nasdaq_summary.json,https://www.barchart.com/stocks/quotes/VG/overview,TRUE,0,,78.01,84.0,36.0,47.38,114.23,45.39,,,cache,TRUE,,6078,18232,0.15000000000000002,34360000000.0,,,78.01,75.0,1000,1000,1000000000.0,34360000000.0,PASS,
VOYG,"Voyager Technologies, Inc./DE",NYSE,Industrials,Military/Government/Technical,40.1,40.1,3050940.0,2645462242.0,39.0,https://api.nasdaq.com/api/quote/VOYG/summary?assetclass=stocks,/home/hermes/market-funnel/nasdaq_summary_archive/20260523T034226Z/symbols/VOYG/nasdaq_summary.json,https://www.barchart.com/stocks/quotes/VOYG/overview,TRUE,0,,111.41,92.0,95.0,73.43,127.59,66.69,,,cache,TRUE,,5322,8379,1.5,2650000000.0,,,111.41,75.0,1000,1000,1000000000.0,2650000000.0,PASS,
VSCO,Victoria's Secret & Co.,NYSE,Consumer Discretionary,Clothing/Shoe/Accessory Stores,50.55,50.55,2012077.0,4165876287.0,67.0,https://api.nasdaq.com/api/quote/VSCO/summary?assetclass=stocks,/home/hermes/market-funnel/nasdaq_summary_archive/20260523T034226Z/symbols/VSCO/nasdaq_summary.json,https://www.barchart.com/stocks/quotes/VSCO/overview,TRUE,0,,86.22,50.73,96.0,77.14,96.68,50.92,,,cache,TRUE,,2397,14070,0.7000000000000002,4170000000.0,,,86.22,75.0,1000,1000,1000000000.0,4170000000.0,PASS,
VSH,VISHAY INTERTECHNOLOGY INC,NYSE,Technology,Electrical Products,42.17,42.17,9104406.0,6431000326.0,28.0,https://api.nasdaq.com/api/quote/VSH/summary?assetclass=stocks,/home/hermes/market-funnel/nasdaq_summary_archive/20260523T034226Z/symbols/VSH/nasdaq_summary.json,https://www.barchart.com/stocks/quotes/VSH/overview,TRUE,0,,92.9,64.7,99.0,91.75,97.96,36.64,,,cache,TRUE,,5735,9789,0.5,6430000000.0,,,92.9,75.0,1000,1000,1000000000.0,6430000000.0,PASS,
WOLF,"WOLFSPEED, INC.",NYSE,Technology,Semiconductors,69.5,69.5,10944558.0,3378418371.0,40.0,https://api.nasdaq.com/api/quote/WOLF/summary?assetclass=stocks,/home/hermes/market-funnel/nasdaq_summary_archive/20260523T034226Z/symbols/WOLF/nasdaq_summary.json,https://www.barchart.com/stocks/quotes/WOLF/overview,TRUE,0,,136.46,135.97,56.0,16.98,455.56,71.21,,,cache,TRUE,,5391,16499,3.1000000000000005,3380000000.0,,,136.46,75.0,1000,1000,1000000000.0,3380000000.0,PASS,
YSS,York Space Systems Inc.,NYSE,Industrials,Military/Government/Technical,28.45,28.45,1380196.0,3765030116.0,35.5,https://api.nasdaq.com/api/quote/YSS/summary?assetclass=stocks,/home/hermes/market-funnel/nasdaq_summary_archive/20260523T034226Z/symbols/YSS/nasdaq_summary.json,https://www.barchart.com/stocks/quotes/YSS/overview,TRUE,0,,111.97,139.46,1.0,3.15,151.85,110.67,,,cache,TRUE,,1722,7749,0.6999999999999997,3770000000.0,,,111.97,75.0,1000,1000,1000000000.0,3770000000.0,PASS,
