symbol,name,master_exchange,sector,industry,price_proxy,previous_close,share_volume,market_cap,one_yr_target,url,json_path,barchart_url,barchart_fetch_ok,barchart_fetch_round,barchart_fetch_error,barchart_implied_volatility,barchart_historical_volatility,barchart_iv_percentile,barchart_iv_rank,barchart_iv_high,barchart_iv_low,barchart_expected_move,barchart_missing_fields,stage1_step4_implied_volatility,stage1_step4_min_implied_volatility,stage1_step4_verdict,stage1_step4_fail_reason
ACMR,"ACM Research, Inc.",NASDAQ,Technology,Industrial Machinery/Components,71.59,71.59,1832728.0,4857594361.0,70.0,https://api.nasdaq.com/api/quote/ACMR/summary?assetclass=stocks,/home/hermes/market-funnel/nasdaq_summary_archive/20260523T034226Z/symbols/ACMR/nasdaq_summary.json,https://www.barchart.com/stocks/quotes/ACMR/overview,TRUE,0,,88.41,60.57,89.0,71.68,103.82,49.39,,,88.41,75.0,PASS,
ADPT,Adaptive Biotechnologies Corp,NASDAQ,Health Care,Biotechnology: Biological Products (No Diagnostic Substances),13.87,13.87,1235047.0,2221416161.0,20.0,https://api.nasdaq.com/api/quote/ADPT/summary?assetclass=stocks,/home/hermes/market-funnel/nasdaq_summary_archive/20260523T034226Z/symbols/ADPT/nasdaq_summary.json,https://www.barchart.com/stocks/quotes/ADPT/overview,TRUE,0,,110.99,54.44,58.0,26.1,260.99,58.02,,,110.99,75.0,PASS,
AEVA,"Aeva Technologies, Inc.",NASDAQ,Consumer Discretionary,Auto Parts:O.E.M.,21.49,21.49,3887434.0,1596193588.0,24.0,https://api.nasdaq.com/api/quote/AEVA/summary?assetclass=stocks,/home/hermes/market-funnel/nasdaq_summary_archive/20260523T034226Z/symbols/AEVA/nasdaq_summary.json,https://www.barchart.com/stocks/quotes/AEVA/overview,TRUE,0,,113.92,119.45,44.0,39.58,143.51,94.54,,,113.92,75.0,PASS,
AIP,"Arteris, Inc.",NASDAQ,Technology,Semiconductors,35.9,35.9,1173775.0,1675119507.0,38.0,https://api.nasdaq.com/api/quote/AIP/summary?assetclass=stocks,/home/hermes/market-funnel/nasdaq_summary_archive/20260523T034226Z/symbols/AIP/nasdaq_summary.json,https://www.barchart.com/stocks/quotes/AIP/overview,TRUE,0,,90.19,63.96,70.0,27.23,167.06,61.43,,,90.19,75.0,PASS,
ALM,Almonty Industries Inc.,NASDAQ,Basic Materials,Other Metals and Minerals,18.79,18.79,2871988.0,5294622902.0,23.0,https://api.nasdaq.com/api/quote/ALM/summary?assetclass=stocks,/home/hermes/market-funnel/nasdaq_summary_archive/20260523T034226Z/symbols/ALM/nasdaq_summary.json,https://www.barchart.com/stocks/quotes/ALM/overview,TRUE,0,,90.53,93.79,1.0,2.92,147.32,88.82,,,90.53,75.0,PASS,
AMKR,"AMKOR TECHNOLOGY, INC.",NASDAQ,Technology,Semiconductors,65.9,65.9,5895258.0,16297618059.0,70.0,https://api.nasdaq.com/api/quote/AMKR/summary?assetclass=stocks,/home/hermes/market-funnel/nasdaq_summary_archive/20260523T034226Z/symbols/AMKR/nasdaq_summary.json,https://www.barchart.com/stocks/quotes/AMKR/overview,TRUE,0,,78.32,62.48,79.0,58.2,108.35,36.51,,,78.32,75.0,PASS,
APLD,Applied Digital Corp.,NASDAQ,Finance,Finance: Consumer Services,48.02,48.02,22215241.0,13108248754.0,46.0,https://api.nasdaq.com/api/quote/APLD/summary?assetclass=stocks,/home/hermes/market-funnel/nasdaq_summary_archive/20260523T034226Z/symbols/APLD/nasdaq_summary.json,https://www.barchart.com/stocks/quotes/APLD/overview,TRUE,0,,99.47,108.68,20.0,31.87,142.73,79.23,,,99.47,75.0,PASS,
ASST,"Strive, Inc.",NASDAQ,Technology,Computer Software: Prepackaged Software,18.53,18.53,7804389.0,1330834711.0,26.0,https://api.nasdaq.com/api/quote/ASST/summary?assetclass=stocks,/home/hermes/market-funnel/nasdaq_summary_archive/20260523T034226Z/symbols/ASST/nasdaq_summary.json,https://www.barchart.com/stocks/quotes/ASST/overview,TRUE,0,,101.64,84.55,3.0,2.1,405.79,95.12,,,101.64,75.0,PASS,
BEAM,Beam Therapeutics Inc.,NASDAQ,Health Care,Biotechnology: Biological Products (No Diagnostic Substances),27.67,27.67,1327563.0,2946460689.0,46.0,https://api.nasdaq.com/api/quote/BEAM/summary?assetclass=stocks,/home/hermes/market-funnel/nasdaq_summary_archive/20260523T034226Z/symbols/BEAM/nasdaq_summary.json,https://www.barchart.com/stocks/quotes/BEAM/overview,TRUE,0,,77.8,74.31,39.0,36.19,122.94,52.2,,,77.8,75.0,PASS,
BRUN,Boost Run Inc.,NASDAQ,Technology,EDP Services,25.52,25.52,1090788.0,1940200992.0,,https://api.nasdaq.com/api/quote/BRUN/summary?assetclass=stocks,/home/hermes/market-funnel/nasdaq_summary_archive/20260523T034226Z/symbols/BRUN/nasdaq_summary.json,https://www.barchart.com/stocks/quotes/BRUN/overview,TRUE,2,,178.69,,60.0,63.4,192.05,155.53,,barchart_historical_volatility,178.69,75.0,PASS,
BRZE,"Braze, Inc.",NASDAQ,Technology,Computer Software: Prepackaged Software,23.41,23.41,3074675.0,2964170596.0,32.0,https://api.nasdaq.com/api/quote/BRZE/summary?assetclass=stocks,/home/hermes/market-funnel/nasdaq_summary_archive/20260523T034226Z/symbols/BRZE/nasdaq_summary.json,https://www.barchart.com/stocks/quotes/BRZE/overview,TRUE,0,,93.58,71.4,94.0,87.62,101.18,39.8,,,93.58,75.0,PASS,
BTDR,Bitdeer Technologies Group,NASDAQ,Finance,Finance: Consumer Services,14.92,14.92,7944834.0,3564545016.0,20.0,https://api.nasdaq.com/api/quote/BTDR/summary?assetclass=stocks,/home/hermes/market-funnel/nasdaq_summary_archive/20260523T034226Z/symbols/BTDR/nasdaq_summary.json,https://www.barchart.com/stocks/quotes/BTDR/overview,TRUE,0,,104.8,96.04,45.0,31.85,177.29,70.91,,,104.8,75.0,PASS,
CAI,"Caris Life Sciences, Inc.",NASDAQ,Health Care,Medical Specialities,15.94,15.94,1809011.0,4395684807.0,28.0,https://api.nasdaq.com/api/quote/CAI/summary?assetclass=stocks,/home/hermes/market-funnel/nasdaq_summary_archive/20260523T034226Z/symbols/CAI/nasdaq_summary.json,https://www.barchart.com/stocks/quotes/CAI/overview,TRUE,0,,76.82,90.01,29.0,29.34,132.24,53.81,,,76.82,75.0,PASS,
CIFR,Cipher Digital Inc.,NASDAQ,Finance,Finance: Consumer Services,21.52,21.52,19436524.0,8986810858.0,28.0,https://api.nasdaq.com/api/quote/CIFR/summary?assetclass=stocks,/home/hermes/market-funnel/nasdaq_summary_archive/20260523T034226Z/symbols/CIFR/nasdaq_summary.json,https://www.barchart.com/stocks/quotes/CIFR/overview,TRUE,0,,99.04,99.41,16.0,14.78,177.16,85.5,,,99.04,75.0,PASS,
CLSK,"CLEANSPARK, INC.",NASDAQ,Finance,Finance: Consumer Services,15.76,15.76,21146824.0,4098039438.0,21.5,https://api.nasdaq.com/api/quote/CLSK/summary?assetclass=stocks,/home/hermes/market-funnel/nasdaq_summary_archive/20260523T034226Z/symbols/CLSK/nasdaq_summary.json,https://www.barchart.com/stocks/quotes/CLSK/overview,TRUE,0,,87.63,70.0,34.0,31.71,137.89,64.29,,,87.63,75.0,PASS,
CMPS,COMPASS Pathways plc,NASDAQ,Health Care,Biotechnology: Pharmaceutical Preparations,11.59,11.59,3871019.0,1593751469.0,18.0,https://api.nasdaq.com/api/quote/CMPS/summary?assetclass=stocks,/home/hermes/market-funnel/nasdaq_summary_archive/20260523T034226Z/symbols/CMPS/nasdaq_summary.json,https://www.barchart.com/stocks/quotes/CMPS/overview,TRUE,0,,80.38,126.61,9.0,4.29,287.3,71.12,,,80.38,75.0,PASS,
CRML,Critical Metals Corp.,NASDAQ,Basic Materials,Metal Mining,11.14,11.14,10149001.0,1385988853.0,20.0,https://api.nasdaq.com/api/quote/CRML/summary?assetclass=stocks,/home/hermes/market-funnel/nasdaq_summary_archive/20260523T034226Z/symbols/CRML/nasdaq_summary.json,https://www.barchart.com/stocks/quotes/CRML/overview,TRUE,0,,110.97,157.02,5.0,9.35,326.89,88.7,,,110.97,75.0,PASS,
CRVS,"Corvus Pharmaceuticals, Inc.",NASDAQ,Health Care,Biotechnology: Pharmaceutical Preparations,13.08,13.08,1180605.0,1060380247.0,31.5,https://api.nasdaq.com/api/quote/CRVS/summary?assetclass=stocks,/home/hermes/market-funnel/nasdaq_summary_archive/20260523T034226Z/symbols/CRVS/nasdaq_summary.json,https://www.barchart.com/stocks/quotes/CRVS/overview,TRUE,0,,76.58,93.77,1.0,1.8,212.2,74.09,,,76.58,75.0,PASS,
CSIQ,Canadian Solar Inc.,NASDAQ,Technology,Semiconductors,18.1,18.1,3248167.0,1280379749.0,15.15,https://api.nasdaq.com/api/quote/CSIQ/summary?assetclass=stocks,/home/hermes/market-funnel/nasdaq_summary_archive/20260523T034226Z/symbols/CSIQ/nasdaq_summary.json,https://www.barchart.com/stocks/quotes/CSIQ/overview,TRUE,0,,96.88,88.21,85.0,68.3,116.62,54.35,,,96.88,75.0,PASS,
DFTX,"Definium Therapeutics, Inc.",NASDAQ,Health Care,Medicinal Chemicals and Botanical Products,22.65,22.65,1277898.0,2454002618.0,38.0,https://api.nasdaq.com/api/quote/DFTX/summary?assetclass=stocks,/home/hermes/market-funnel/nasdaq_summary_archive/20260523T034226Z/symbols/DFTX/nasdaq_summary.json,https://www.barchart.com/stocks/quotes/DFTX/overview,TRUE,0,,95.63,54.06,89.0,68.32,111.14,62.19,,,95.63,75.0,PASS,
DYN,"Dyne Therapeutics, Inc.",NASDAQ,Health Care,Biotechnology: Pharmaceutical Preparations,17.37,17.37,1448086.0,2871500637.0,39.5,https://api.nasdaq.com/api/quote/DYN/summary?assetclass=stocks,/home/hermes/market-funnel/nasdaq_summary_archive/20260523T034226Z/symbols/DYN/nasdaq_summary.json,https://www.barchart.com/stocks/quotes/DYN/overview,TRUE,0,,115.67,57.98,39.0,23.89,253.75,72.33,,,115.67,75.0,PASS,
ENPH,"Enphase Energy, Inc.",NASDAQ,Technology,Semiconductors,62.34,62.34,10996353.0,8439040027.0,37.0,https://api.nasdaq.com/api/quote/ENPH/summary?assetclass=stocks,/home/hermes/market-funnel/nasdaq_summary_archive/20260523T034226Z/symbols/ENPH/nasdaq_summary.json,https://www.barchart.com/stocks/quotes/ENPH/overview,TRUE,0,,101.31,94.02,99.0,90.39,106.4,53.42,,,101.31,75.0,PASS,
EQPT,EquipmentShare.com Inc,NASDAQ,Consumer Discretionary,Diversified Commercial Services,19.97,19.97,1854079.0,5231735761.0,40.0,https://api.nasdaq.com/api/quote/EQPT/summary?assetclass=stocks,/home/hermes/market-funnel/nasdaq_summary_archive/20260523T034226Z/symbols/EQPT/nasdaq_summary.json,https://www.barchart.com/stocks/quotes/EQPT/overview,TRUE,0,,86.95,92.22,74.0,47.5,126.18,51.46,,,86.95,75.0,PASS,
ERAS,"Erasca, Inc.",NASDAQ,Health Care,Biotechnology: Pharmaceutical Preparations,11.605,11.605,2494082.0,3495466252.0,20.0,https://api.nasdaq.com/api/quote/ERAS/summary?assetclass=stocks,/home/hermes/market-funnel/nasdaq_summary_archive/20260523T034226Z/symbols/ERAS/nasdaq_summary.json,https://www.barchart.com/stocks/quotes/ERAS/overview,TRUE,0,,92.07,211.65,3.0,3.54,445.66,79.11,,,92.07,75.0,PASS,
FCEL,FUELCELL ENERGY INC,NASDAQ,Energy,Industrial Machinery/Components,26.38,26.38,12077530.0,1324976429.0,7.62,https://api.nasdaq.com/api/quote/FCEL/summary?assetclass=stocks,/home/hermes/market-funnel/nasdaq_summary_archive/20260523T034226Z/symbols/FCEL/nasdaq_summary.json,https://www.barchart.com/stocks/quotes/FCEL/overview,TRUE,0,,172.84,173.56,96.0,74.46,206.84,73.72,,,172.84,75.0,PASS,
FIGR,"Figure Technology Solutions, Inc.",NASDAQ,Finance,Finance: Consumer Services,34.38,34.38,2503883.0,7486511274.0,55.0,https://api.nasdaq.com/api/quote/FIGR/summary?assetclass=stocks,/home/hermes/market-funnel/nasdaq_summary_archive/20260523T034226Z/symbols/FIGR/nasdaq_summary.json,https://www.barchart.com/stocks/quotes/FIGR/overview,TRUE,0,,82.15,66.61,15.0,14.76,133.39,73.27,,,82.15,75.0,PASS,
FIVN,"Five9, Inc.",NASDAQ,Technology,EDP Services,21.84,21.84,2377847.0,1742596367.0,25.0,https://api.nasdaq.com/api/quote/FIVN/summary?assetclass=stocks,/home/hermes/market-funnel/nasdaq_summary_archive/20260523T034226Z/symbols/FIVN/nasdaq_summary.json,https://www.barchart.com/stocks/quotes/FIVN/overview,TRUE,0,,75.67,91.99,75.0,67.23,88.74,48.88,,,75.67,75.0,PASS,
FLNC,"Fluence Energy, Inc.",NASDAQ,Miscellaneous,Industrial Machinery/Components,20.19,20.19,10969377.0,3960183368.0,17.0,https://api.nasdaq.com/api/quote/FLNC/summary?assetclass=stocks,/home/hermes/market-funnel/nasdaq_summary_archive/20260523T034226Z/symbols/FLNC/nasdaq_summary.json,https://www.barchart.com/stocks/quotes/FLNC/overview,TRUE,0,,117.11,148.38,79.0,64.85,140.36,74.2,,,117.11,75.0,PASS,
FLY,Firefly Aerospace Inc.,NASDAQ,Industrials,Military/Government/Technical,42.86,42.86,8823162.0,7931643242.0,36.0,https://api.nasdaq.com/api/quote/FLY/summary?assetclass=stocks,/home/hermes/market-funnel/nasdaq_summary_archive/20260523T034226Z/symbols/FLY/nasdaq_summary.json,https://www.barchart.com/stocks/quotes/FLY/overview,TRUE,0,,123.83,109.86,75.0,69.97,147.81,67.93,,,123.83,75.0,PASS,
FRVO,Fervo Energy Co,NASDAQ,Utilities,Electric Utilities: Central,42.5,42.5,3402580.0,10874615471.0,,https://api.nasdaq.com/api/quote/FRVO/summary?assetclass=stocks,/home/hermes/market-funnel/nasdaq_summary_archive/20260523T034226Z/symbols/FRVO/nasdaq_summary.json,https://www.barchart.com/stocks/quotes/FRVO/overview,TRUE,2,,115.44,,67.0,69.03,120.02,105.23,,barchart_historical_volatility,115.44,75.0,PASS,
FSLY,"Fastly, Inc.",NASDAQ,Technology,Computer Software: Prepackaged Software,16.4,16.4,5942212.0,2554080000.0,24.0,https://api.nasdaq.com/api/quote/FSLY/summary?assetclass=stocks,/home/hermes/market-funnel/nasdaq_summary_archive/20260523T034226Z/symbols/FSLY/nasdaq_summary.json,https://www.barchart.com/stocks/quotes/FSLY/overview,TRUE,0,,80.35,170.76,49.0,26.07,177.58,46.06,,,80.35,75.0,PASS,
GLXY,Galaxy Digital Inc.,NASDAQ,Finance,Investment Bankers/Brokers/Service,29.57,29.57,4068355.0,11190985955.0,42.5,https://api.nasdaq.com/api/quote/GLXY/summary?assetclass=stocks,/home/hermes/market-funnel/nasdaq_summary_archive/20260523T034226Z/symbols/GLXY/nasdaq_summary.json,https://www.barchart.com/stocks/quotes/GLXY/overview,TRUE,0,,82.81,68.69,14.0,20.07,120.28,73.4,,,82.81,75.0,PASS,
GTLB,Gitlab Inc.,NASDAQ,Technology,Computer Software: Prepackaged Software,25.62,25.62,3052961.0,4540830012.0,28.0,https://api.nasdaq.com/api/quote/GTLB/summary?assetclass=stocks,/home/hermes/market-funnel/nasdaq_summary_archive/20260523T034226Z/symbols/GTLB/nasdaq_summary.json,https://www.barchart.com/stocks/quotes/GTLB/overview,TRUE,0,,89.27,66.78,98.0,88.09,95.88,40.42,,,89.27,75.0,PASS,
HIMX,"Himax Technologies, Inc.",NASDAQ,Technology,Semiconductors,19.89,19.89,4287841.0,3669921231.0,23.7,https://api.nasdaq.com/api/quote/HIMX/summary?assetclass=stocks,/home/hermes/market-funnel/nasdaq_summary_archive/20260523T034226Z/symbols/HIMX/nasdaq_summary.json,https://www.barchart.com/stocks/quotes/HIMX/overview,TRUE,0,,95.88,116.04,97.0,81.99,107.76,41.78,,,95.88,75.0,PASS,
HLIT,HARMONIC INC.,NASDAQ,Technology,Radio And Television Broadcasting And Communications Equipment,12.7,12.7,12974029.0,1649145827.0,15.0,https://api.nasdaq.com/api/quote/HLIT/summary?assetclass=stocks,/home/hermes/market-funnel/nasdaq_summary_archive/20260523T034226Z/symbols/HLIT/nasdaq_summary.json,https://www.barchart.com/stocks/quotes/HLIT/overview,TRUE,0,,100.38,65.08,91.0,54.39,167.36,20.5,,,100.38,75.0,PASS,
HYMC,HYCROFT MINING HOLDING CORP,NASDAQ,Basic Materials,Precious Metals,33.29,33.29,1362413.0,2952774624.0,,https://api.nasdaq.com/api/quote/HYMC/summary?assetclass=stocks,/home/hermes/market-funnel/nasdaq_summary_archive/20260523T034226Z/symbols/HYMC/nasdaq_summary.json,https://www.barchart.com/stocks/quotes/HYMC/overview,TRUE,0,,94.67,94.44,17.0,21.77,157.35,77.23,,,94.67,75.0,PASS,
ICHR,"ICHOR HOLDINGS, LTD.",NASDAQ,Technology,Semiconductors,65.32,65.32,1111021.0,2404431975.0,77.0,https://api.nasdaq.com/api/quote/ICHR/summary?assetclass=stocks,/home/hermes/market-funnel/nasdaq_summary_archive/20260523T034226Z/symbols/ICHR/nasdaq_summary.json,https://www.barchart.com/stocks/quotes/ICHR/overview,TRUE,0,,81.92,63.53,56.0,48.68,115.17,50.4,,,81.92,75.0,PASS,
IRDM,Iridium Communications Inc.,NASDAQ,Telecommunications,Telecommunications Equipment,45.7,45.7,2247350.0,5163743017.0,39.0,https://api.nasdaq.com/api/quote/IRDM/summary?assetclass=stocks,/home/hermes/market-funnel/nasdaq_summary_archive/20260523T034226Z/symbols/IRDM/nasdaq_summary.json,https://www.barchart.com/stocks/quotes/IRDM/overview,TRUE,0,,80.7,64.44,99.0,99.82,80.78,35.16,,,80.7,75.0,PASS,
IREN,IREN Ltd,NASDAQ,Technology,EDP Services,58.06,58.06,36374598.0,20309830043.0,80.0,https://api.nasdaq.com/api/quote/IREN/summary?assetclass=stocks,/home/hermes/market-funnel/nasdaq_summary_archive/20260523T034226Z/symbols/IREN/nasdaq_summary.json,https://www.barchart.com/stocks/quotes/IREN/overview,TRUE,0,,99.49,105.86,29.0,33.26,143.04,77.78,,,99.49,75.0,PASS,
KC,Kingsoft Cloud Holdings Ltd,NASDAQ,Technology,Computer Software: Prepackaged Software,13.63,13.63,2017496.0,4257036622.0,19.2,https://api.nasdaq.com/api/quote/KC/summary?assetclass=stocks,/home/hermes/market-funnel/nasdaq_summary_archive/20260523T034226Z/symbols/KC/nasdaq_summary.json,https://www.barchart.com/stocks/quotes/KC/overview,TRUE,0,,95.31,80.43,98.0,96.85,96.85,48.18,,,95.31,75.0,PASS,
LPTH,LIGHTPATH TECHNOLOGIES INC,NASDAQ,Technology,Semiconductors,14.28,14.28,7850173.0,1064280449.0,15.95,https://api.nasdaq.com/api/quote/LPTH/summary?assetclass=stocks,/home/hermes/market-funnel/nasdaq_summary_archive/20260523T034226Z/symbols/LPTH/nasdaq_summary.json,https://www.barchart.com/stocks/quotes/LPTH/overview,TRUE,0,,129.33,113.67,79.0,16.48,313.78,92.94,,,129.33,75.0,PASS,
LUNR,"Intuitive Machines, Inc.",NASDAQ,Industrials,Industrial Machinery/Components,34.24,34.24,14814308.0,8303221509.0,42.0,https://api.nasdaq.com/api/quote/LUNR/summary?assetclass=stocks,/home/hermes/market-funnel/nasdaq_summary_archive/20260523T034226Z/symbols/LUNR/nasdaq_summary.json,https://www.barchart.com/stocks/quotes/LUNR/overview,TRUE,0,,128.57,103.03,96.0,74.58,153.97,54.08,,,128.57,75.0,PASS,
LWLG,"Lightwave Logic, Inc.",NASDAQ,Industrials,Containers/Packaging,13.17,13.17,6633844.0,1979923271.0,,https://api.nasdaq.com/api/quote/LWLG/summary?assetclass=stocks,/home/hermes/market-funnel/nasdaq_summary_archive/20260523T034226Z/symbols/LWLG/nasdaq_summary.json,https://www.barchart.com/stocks/quotes/LWLG/overview,TRUE,0,,139.96,150.35,73.0,62.04,177.3,78.96,,,139.96,75.0,PASS,
MARA,"MARA Holdings, Inc.",NASDAQ,Technology,EDP Services,13.55,13.55,40169136.0,5265345646.0,15.5,https://api.nasdaq.com/api/quote/MARA/summary?assetclass=stocks,/home/hermes/market-funnel/nasdaq_summary_archive/20260523T034226Z/symbols/MARA/nasdaq_summary.json,https://www.barchart.com/stocks/quotes/MARA/overview,TRUE,0,,81.04,68.47,37.0,30.67,130.27,59.26,,,81.04,75.0,PASS,
NAVN,"Navan, Inc.",NASDAQ,Technology,Computer Software: Prepackaged Software,18.55,18.55,4620013.0,5020745072.0,22.0,https://api.nasdaq.com/api/quote/NAVN/summary?assetclass=stocks,/home/hermes/market-funnel/nasdaq_summary_archive/20260523T034226Z/symbols/NAVN/nasdaq_summary.json,https://www.barchart.com/stocks/quotes/NAVN/overview,TRUE,0,,86.18,41.87,27.0,27.82,151.14,61.14,,,86.18,75.0,PASS,
NCNO,"nCino, Inc.",NASDAQ,Technology,Computer Software: Prepackaged Software,15.83,15.83,2746967.0,1748329190.0,23.0,https://api.nasdaq.com/api/quote/NCNO/summary?assetclass=stocks,/home/hermes/market-funnel/nasdaq_summary_archive/20260523T034226Z/symbols/NCNO/nasdaq_summary.json,https://www.barchart.com/stocks/quotes/NCNO/overview,TRUE,0,,81.48,44.31,98.0,88.65,87.66,33.15,,,81.48,75.0,PASS,
NN,NEXTNAV INC.,NASDAQ,Industrials,Industrial Machinery/Components,21.38,21.38,1524525.0,2966139054.0,27.0,https://api.nasdaq.com/api/quote/NN/summary?assetclass=stocks,/home/hermes/market-funnel/nasdaq_summary_archive/20260523T034226Z/symbols/NN/nasdaq_summary.json,https://www.barchart.com/stocks/quotes/NN/overview,TRUE,0,,85.74,114.03,22.0,21.33,148.92,68.61,,,85.74,75.0,PASS,
NNE,Nano Nuclear Energy Inc.,NASDAQ,Utilities,Electric Utilities: Central,25.08,25.08,2138422.0,1392186449.0,45.5,https://api.nasdaq.com/api/quote/NNE/summary?assetclass=stocks,/home/hermes/market-funnel/nasdaq_summary_archive/20260523T034226Z/symbols/NNE/nasdaq_summary.json,https://www.barchart.com/stocks/quotes/NNE/overview,TRUE,0,,96.27,115.14,58.0,38.81,132.6,73.22,,,96.27,75.0,PASS,
NRIX,"Nurix Therapeutics, Inc.",NASDAQ,Health Care,Biotechnology: Pharmaceutical Preparations,17.53,17.53,1053817.0,1809601728.0,30.0,https://api.nasdaq.com/api/quote/NRIX/summary?assetclass=stocks,/home/hermes/market-funnel/nasdaq_summary_archive/20260523T034226Z/symbols/NRIX/nasdaq_summary.json,https://www.barchart.com/stocks/quotes/NRIX/overview,TRUE,0,,129.66,43.84,62.0,22.26,325.58,73.56,,,129.66,75.0,PASS,
NTLA,"Intellia Therapeutics, Inc.",NASDAQ,Health Care,Biotechnology: In Vitro & In Vivo Diagnostic Substances,12.37,12.37,3198935.0,1760500690.0,18.0,https://api.nasdaq.com/api/quote/NTLA/summary?assetclass=stocks,/home/hermes/market-funnel/nasdaq_summary_archive/20260523T034226Z/symbols/NTLA/nasdaq_summary.json,https://www.barchart.com/stocks/quotes/NTLA/overview,TRUE,0,,83.03,82.9,31.0,14.45,154.61,70.94,,,83.03,75.0,PASS,
NTSK,Netskope Inc,NASDAQ,Technology,Computer Software: Prepackaged Software,11.57,11.57,3058316.0,4703693119.0,17.0,https://api.nasdaq.com/api/quote/NTSK/summary?assetclass=stocks,/home/hermes/market-funnel/nasdaq_summary_archive/20260523T034226Z/symbols/NTSK/nasdaq_summary.json,https://www.barchart.com/stocks/quotes/NTSK/overview,TRUE,0,,97.29,48.17,93.0,75.46,108.62,62.45,,,97.29,75.0,PASS,
NVTS,Navitas Semiconductor Corp,NASDAQ,Technology,Semiconductors,24.38,24.38,51184372.0,6836110106.0,12.5,https://api.nasdaq.com/api/quote/NVTS/summary?assetclass=stocks,/home/hermes/market-funnel/nasdaq_summary_archive/20260523T034226Z/symbols/NVTS/nasdaq_summary.json,https://www.barchart.com/stocks/quotes/NVTS/overview,TRUE,0,,145.92,161.41,95.0,58.47,196.43,74.8,,,145.92,75.0,PASS,
OLMA,"Olema Pharmaceuticals, Inc.",NASDAQ,Health Care,Biotechnology: Pharmaceutical Preparations,14.06,14.06,1067401.0,1194913403.0,40.0,https://api.nasdaq.com/api/quote/OLMA/summary?assetclass=stocks,/home/hermes/market-funnel/nasdaq_summary_archive/20260523T034226Z/symbols/OLMA/nasdaq_summary.json,https://www.barchart.com/stocks/quotes/OLMA/overview,TRUE,0,,137.94,44.18,55.0,26.9,416.48,35.47,,,137.94,75.0,PASS,
OUST,"Ouster, Inc.",NASDAQ,Industrials,Industrial Machinery/Components,35.09,35.09,5490752.0,2349964200.0,40.0,https://api.nasdaq.com/api/quote/OUST/summary?assetclass=stocks,/home/hermes/market-funnel/nasdaq_summary_archive/20260523T034226Z/symbols/OUST/nasdaq_summary.json,https://www.barchart.com/stocks/quotes/OUST/overview,TRUE,0,,112.23,115.49,73.0,59.76,136.9,75.59,,,112.23,75.0,PASS,
PCT,"PureCycle Technologies, Inc.",NASDAQ,Industrials,Major Chemicals,11.33,11.33,3915233.0,2047375386.0,14.0,https://api.nasdaq.com/api/quote/PCT/summary?assetclass=stocks,/home/hermes/market-funnel/nasdaq_summary_archive/20260523T034226Z/symbols/PCT/nasdaq_summary.json,https://www.barchart.com/stocks/quotes/PCT/overview,TRUE,0,,94.79,86.7,63.0,61.05,125.37,46.85,,,94.79,75.0,PASS,
PENG,"Penguin Solutions, Inc.",NASDAQ,Technology,Semiconductors,48.81,48.81,3178030.0,2700274901.0,33.0,https://api.nasdaq.com/api/quote/PENG/summary?assetclass=stocks,/home/hermes/market-funnel/nasdaq_summary_archive/20260523T034226Z/symbols/PENG/nasdaq_summary.json,https://www.barchart.com/stocks/quotes/PENG/overview,TRUE,0,,106.78,72.84,99.0,98.41,107.86,39.8,,,106.78,75.0,PASS,
PGY,Pagaya Technologies Ltd.,NASDAQ,Finance,Finance: Consumer Services,13.08,13.08,3815149.0,1083298340.0,27.0,https://api.nasdaq.com/api/quote/PGY/summary?assetclass=stocks,/home/hermes/market-funnel/nasdaq_summary_archive/20260523T034226Z/symbols/PGY/nasdaq_summary.json,https://www.barchart.com/stocks/quotes/PGY/overview,TRUE,0,,76.0,65.68,15.0,33.99,117.25,54.77,,,76.0,75.0,PASS,
POET,POET TECHNOLOGIES INC.,NASDAQ,Technology,Semiconductors,14.82,14.82,33765995.0,2230717682.0,7.3,https://api.nasdaq.com/api/quote/POET/summary?assetclass=stocks,/home/hermes/market-funnel/nasdaq_summary_archive/20260523T034226Z/symbols/POET/nasdaq_summary.json,https://www.barchart.com/stocks/quotes/POET/overview,TRUE,0,,146.94,290.73,93.0,66.06,198.72,46.16,,,146.94,75.0,PASS,
PPTA,PERPETUA RESOURCES CORP.,NASDAQ,Basic Materials,Precious Metals,26.72,26.72,2736902.0,3167392816.0,39.8,https://api.nasdaq.com/api/quote/PPTA/summary?assetclass=stocks,/home/hermes/market-funnel/nasdaq_summary_archive/20260523T034226Z/symbols/PPTA/nasdaq_summary.json,https://www.barchart.com/stocks/quotes/PPTA/overview,TRUE,0,,76.51,80.2,39.0,28.91,114.18,61.19,,,76.51,75.0,PASS,
PTRN,Pattern Group Inc.,NASDAQ,Consumer Discretionary,Catalog/Specialty Distribution,17.61,17.61,1379389.0,3222500069.0,23.0,https://api.nasdaq.com/api/quote/PTRN/summary?assetclass=stocks,/home/hermes/market-funnel/nasdaq_summary_archive/20260523T034226Z/symbols/PTRN/nasdaq_summary.json,https://www.barchart.com/stocks/quotes/PTRN/overview,TRUE,0,,90.44,60.45,26.0,29.82,146.75,66.52,,,90.44,75.0,PASS,
QUBT,Quantum Computing Inc.,NASDAQ,Technology,Computer Software: Prepackaged Software,11.41,11.41,68053944.0,2776335690.0,18.0,https://api.nasdaq.com/api/quote/QUBT/summary?assetclass=stocks,/home/hermes/market-funnel/nasdaq_summary_archive/20260523T034226Z/symbols/QUBT/nasdaq_summary.json,https://www.barchart.com/stocks/quotes/QUBT/overview,TRUE,0,,108.51,114.89,72.0,43.31,152.99,74.54,,,108.51,75.0,PASS,
RGTI,"Rigetti Computing, Inc.",NASDAQ,Technology,EDP Services,22.04,22.04,204233244.0,8781976481.0,30.5,https://api.nasdaq.com/api/quote/RGTI/summary?assetclass=stocks,/home/hermes/market-funnel/nasdaq_summary_archive/20260523T034226Z/symbols/RGTI/nasdaq_summary.json,https://www.barchart.com/stocks/quotes/RGTI/overview,TRUE,0,,122.93,127.11,87.0,51.47,168.74,74.35,,,122.93,75.0,PASS,
RIOT,"Riot Platforms, Inc.",NASDAQ,Finance,Finance: Consumer Services,24.47,24.47,11155160.0,9252669929.0,25.0,https://api.nasdaq.com/api/quote/RIOT/summary?assetclass=stocks,/home/hermes/market-funnel/nasdaq_summary_archive/20260523T034226Z/symbols/RIOT/nasdaq_summary.json,https://www.barchart.com/stocks/quotes/RIOT/overview,TRUE,0,,84.03,79.03,48.0,34.36,118.13,66.18,,,84.03,75.0,PASS,
RLAY,"Relay Therapeutics, Inc.",NASDAQ,Health Care,Biotechnology: Biological Products (No Diagnostic Substances),13.66,13.66,5355400.0,2592160812.0,21.5,https://api.nasdaq.com/api/quote/RLAY/summary?assetclass=stocks,/home/hermes/market-funnel/nasdaq_summary_archive/20260523T034226Z/symbols/RLAY/nasdaq_summary.json,https://www.barchart.com/stocks/quotes/RLAY/overview,TRUE,0,,95.45,66.25,3.0,3.42,759.75,71.91,,,95.45,75.0,PASS,
RUN,Sunrun Inc.,NASDAQ,Miscellaneous,Industrial Machinery/Components,14.445,14.445,5841028.0,3487590576.0,20.0,https://api.nasdaq.com/api/quote/RUN/summary?assetclass=stocks,/home/hermes/market-funnel/nasdaq_summary_archive/20260523T034226Z/symbols/RUN/nasdaq_summary.json,https://www.barchart.com/stocks/quotes/RUN/overview,TRUE,0,,86.92,64.01,43.0,25.4,162.47,61.2,,,86.92,75.0,PASS,
SAIL,"SailPoint, Inc.",NASDAQ,Technology,Computer Software: Prepackaged Software,15.01,15.01,2693380.0,8933755745.0,18.0,https://api.nasdaq.com/api/quote/SAIL/summary?assetclass=stocks,/home/hermes/market-funnel/nasdaq_summary_archive/20260523T034226Z/symbols/SAIL/nasdaq_summary.json,https://www.barchart.com/stocks/quotes/SAIL/overview,TRUE,0,,83.45,59.33,96.0,82.64,93.17,37.17,,,83.45,75.0,PASS,
SEDG,"SOLAREDGE TECHNOLOGIES, INC.",NASDAQ,Technology,Semiconductors,63.0,63.0,4079940.0,3767687614.0,36.0,https://api.nasdaq.com/api/quote/SEDG/summary?assetclass=stocks,/home/hermes/market-funnel/nasdaq_summary_archive/20260523T034226Z/symbols/SEDG/nasdaq_summary.json,https://www.barchart.com/stocks/quotes/SEDG/overview,TRUE,0,,111.03,116.75,82.0,72.83,127.25,67.54,,,111.03,75.0,PASS,
SGML,Sigma Lithium Corp,NASDAQ,Basic Materials,Metal Mining,15.55,15.55,8748127.0,1657676328.0,21.25,https://api.nasdaq.com/api/quote/SGML/summary?assetclass=stocks,/home/hermes/market-funnel/nasdaq_summary_archive/20260523T034226Z/symbols/SGML/nasdaq_summary.json,https://www.barchart.com/stocks/quotes/SGML/overview,TRUE,0,,116.04,99.14,61.0,57.06,146.75,75.22,,,116.04,75.0,PASS,
SMCI,"Super Micro Computer, Inc.",NASDAQ,Technology,Computer Manufacturing,33.46,33.46,39440985.0,21398469590.0,34.0,https://api.nasdaq.com/api/quote/SMCI/summary?assetclass=stocks,/home/hermes/market-funnel/nasdaq_summary_archive/20260523T034226Z/symbols/SMCI/nasdaq_summary.json,https://www.barchart.com/stocks/quotes/SMCI/overview,TRUE,0,,76.05,89.17,62.0,42.18,109.04,51.99,,,76.05,75.0,PASS,
SMMT,Summit Therapeutics Inc.,NASDAQ,Health Care,Biotechnology: Pharmaceutical Preparations,17.47,17.47,6891172.0,12899823160.0,33.0,https://api.nasdaq.com/api/quote/SMMT/summary?assetclass=stocks,/home/hermes/market-funnel/nasdaq_summary_archive/20260523T034226Z/symbols/SMMT/nasdaq_summary.json,https://www.barchart.com/stocks/quotes/SMMT/overview,TRUE,0,,156.49,116.64,98.0,78.72,183.25,57.51,,,156.49,75.0,PASS,
TNGX,"Tango Therapeutics, Inc.",NASDAQ,Health Care,Biotechnology: Pharmaceutical Preparations,21.62,21.62,1651476.0,2927675156.0,30.0,https://api.nasdaq.com/api/quote/TNGX/summary?assetclass=stocks,/home/hermes/market-funnel/nasdaq_summary_archive/20260523T034226Z/symbols/TNGX/nasdaq_summary.json,https://www.barchart.com/stocks/quotes/TNGX/overview,TRUE,0,,118.41,97.4,7.0,16.95,538.02,32.8,,,118.41,75.0,PASS,
USAR,"USA Rare Earth, Inc.",NASDAQ,Basic Materials,Metal Mining,24.29,24.29,18253936.0,5642794760.0,35.0,https://api.nasdaq.com/api/quote/USAR/summary?assetclass=stocks,/home/hermes/market-funnel/nasdaq_summary_archive/20260523T034226Z/symbols/USAR/nasdaq_summary.json,https://www.barchart.com/stocks/quotes/USAR/overview,TRUE,0,,105.2,109.17,35.0,15.91,190.34,89.09,,,105.2,75.0,PASS,
VIAV,VIAVI SOLUTIONS INC.,NASDAQ,Technology,Semiconductors,48.98,48.98,4588740.0,11580778644.0,65.0,https://api.nasdaq.com/api/quote/VIAV/summary?assetclass=stocks,/home/hermes/market-funnel/nasdaq_summary_archive/20260523T034226Z/symbols/VIAV/nasdaq_summary.json,https://www.barchart.com/stocks/quotes/VIAV/overview,TRUE,0,,88.77,68.65,90.0,69.65,115.13,28.28,,,88.77,75.0,PASS,
VRDN,"Viridian Therapeutics, Inc.\DE",NASDAQ,Health Care,Medical Specialities,17.69,17.69,2799319.0,1777008518.0,34.5,https://api.nasdaq.com/api/quote/VRDN/summary?assetclass=stocks,/home/hermes/market-funnel/nasdaq_summary_archive/20260523T034226Z/symbols/VRDN/nasdaq_summary.json,https://www.barchart.com/stocks/quotes/VRDN/overview,TRUE,0,,114.72,96.57,72.0,38.52,214.65,52.12,,,114.72,75.0,PASS,
VSAT,VIASAT INC,NASDAQ,Technology,Radio And Television Broadcasting And Communications Equipment,70.76,70.76,2301035.0,10127589259.0,54.5,https://api.nasdaq.com/api/quote/VSAT/summary?assetclass=stocks,/home/hermes/market-funnel/nasdaq_summary_archive/20260523T034226Z/symbols/VSAT/nasdaq_summary.json,https://www.barchart.com/stocks/quotes/VSAT/overview,TRUE,0,,93.53,59.95,88.0,59.89,111.42,66.81,,,93.53,75.0,PASS,
WGS,GeneDx Holdings Corp.,NASDAQ,Technology,Retail: Computer Software & Peripheral Equipment,47.33,47.33,1089442.0,1404540557.0,75.0,https://api.nasdaq.com/api/quote/WGS/summary?assetclass=stocks,/home/hermes/market-funnel/nasdaq_summary_archive/20260523T034226Z/symbols/WGS/nasdaq_summary.json,https://www.barchart.com/stocks/quotes/WGS/overview,TRUE,0,,76.21,208.58,52.0,28.31,133.95,53.41,,,76.21,75.0,PASS,
WIX,Wix.com Ltd.,NASDAQ,Technology,"Computer Software: Programming, Data Processing",55.24,55.24,1866982.0,2927974025.0,85.5,https://api.nasdaq.com/api/quote/WIX/summary?assetclass=stocks,/home/hermes/market-funnel/nasdaq_summary_archive/20260523T034226Z/symbols/WIX/nasdaq_summary.json,https://www.barchart.com/stocks/quotes/WIX/overview,TRUE,0,,78.61,112.24,86.0,75.15,93.04,34.98,,,78.61,75.0,PASS,
WULF,TERAWULF INC.,NASDAQ,Technology,EDP Services,22.92,22.92,20787625.0,11308054959.0,30.0,https://api.nasdaq.com/api/quote/WULF/summary?assetclass=stocks,/home/hermes/market-funnel/nasdaq_summary_archive/20260523T034226Z/symbols/WULF/nasdaq_summary.json,https://www.barchart.com/stocks/quotes/WULF/overview,TRUE,0,,88.37,74.26,8.0,10.54,163.28,79.55,,,88.37,75.0,PASS,
WYFI,"WhiteFiber, Inc.",NASDAQ,Finance,Finance: Consumer Services,29.55,29.55,1805681.0,1165763181.0,33.5,https://api.nasdaq.com/api/quote/WYFI/summary?assetclass=stocks,/home/hermes/market-funnel/nasdaq_summary_archive/20260523T034226Z/symbols/WYFI/nasdaq_summary.json,https://www.barchart.com/stocks/quotes/WYFI/overview,TRUE,0,,142.93,128.64,88.0,61.75,168.1,102.29,,,142.93,75.0,PASS,
XE,"X-Energy, Inc.",NASDAQ,Industrials,Metal Fabrications,29.0,29.0,2874397.0,11193441711.0,38.0,https://api.nasdaq.com/api/quote/XE/summary?assetclass=stocks,/home/hermes/market-funnel/nasdaq_summary_archive/20260523T034226Z/symbols/XE/nasdaq_summary.json,https://www.barchart.com/stocks/quotes/XE/overview,TRUE,2,,107.5,,16.0,11.31,130.53,104.56,,barchart_historical_volatility,107.5,75.0,PASS,
XNDU,Xanadu Quantum Technologies Ltd,NASDAQ,Technology,Computer Manufacturing,14.45,14.45,8401995.0,4531402506.0,44.0,https://api.nasdaq.com/api/quote/XNDU/summary?assetclass=stocks,/home/hermes/market-funnel/nasdaq_summary_archive/20260523T034226Z/symbols/XNDU/nasdaq_summary.json,https://www.barchart.com/stocks/quotes/XNDU/overview,TRUE,2,,142.9,388.95,0.0,0.0,274.04,142.9,,"barchart_iv_percentile,barchart_iv_rank",142.9,75.0,PASS,
AEO,AMERICAN EAGLE OUTFITTERS INC,NYSE,Consumer Discretionary,Clothing/Shoe/Accessory Stores,16.55,16.55,3580139.0,2769182729.0,22.0,https://api.nasdaq.com/api/quote/AEO/summary?assetclass=stocks,/home/hermes/market-funnel/nasdaq_summary_archive/20260523T034226Z/symbols/AEO/nasdaq_summary.json,https://www.barchart.com/stocks/quotes/AEO/overview,TRUE,0,,77.02,48.31,81.0,29.43,154.03,44.9,,,77.02,75.0,PASS,
AKR,ACADIA REALTY TRUST,NYSE,Real Estate,Real Estate Investment Trusts,21.82,21.82,1339703.0,2932036416.0,23.0,https://api.nasdaq.com/api/quote/AKR/summary?assetclass=stocks,/home/hermes/market-funnel/nasdaq_summary_archive/20260523T034226Z/symbols/AKR/nasdaq_summary.json,https://www.barchart.com/stocks/quotes/AKR/overview,TRUE,0,,80.65,17.89,31.0,36.56,183.46,21.41,,,80.65,75.0,PASS,
AMPX,"Amprius Technologies, Inc.",NYSE,Miscellaneous,Industrial Machinery/Components,15.3,15.3,7423540.0,2270283535.0,22.0,https://api.nasdaq.com/api/quote/AMPX/summary?assetclass=stocks,/home/hermes/market-funnel/nasdaq_summary_archive/20260523T034226Z/symbols/AMPX/nasdaq_summary.json,https://www.barchart.com/stocks/quotes/AMPX/overview,TRUE,0,,89.88,118.93,10.0,14.49,133.06,82.56,,,89.88,75.0,PASS,
AVEX,AEVEX Corp.,NYSE,Industrials,Aerospace,26.72,26.72,1092484.0,3058598394.0,34.0,https://api.nasdaq.com/api/quote/AVEX/summary?assetclass=stocks,/home/hermes/market-funnel/nasdaq_summary_archive/20260523T034226Z/symbols/AVEX/nasdaq_summary.json,https://www.barchart.com/stocks/quotes/AVEX/overview,TRUE,2,,104.31,,9.0,2.89,126.91,103.64,,barchart_historical_volatility,104.31,75.0,PASS,
BETA,"BETA Technologies, Inc.",NYSE,Industrials,Aerospace,15.97,15.97,2080524.0,3867470878.0,33.0,https://api.nasdaq.com/api/quote/BETA/summary?assetclass=stocks,/home/hermes/market-funnel/nasdaq_summary_archive/20260523T034226Z/symbols/BETA/nasdaq_summary.json,https://www.barchart.com/stocks/quotes/BETA/overview,TRUE,0,,96.8,72.27,79.0,76.49,106.62,64.85,,,96.8,75.0,PASS,
BKKT,"Bakkt, Inc.",NYSE,Finance,Finance: Consumer Services,12.32,12.32,3406235.0,1553445087.0,20.0,https://api.nasdaq.com/api/quote/BKKT/summary?assetclass=stocks,/home/hermes/market-funnel/nasdaq_summary_archive/20260523T034226Z/symbols/BKKT/nasdaq_summary.json,https://www.barchart.com/stocks/quotes/BKKT/overview,TRUE,0,,124.0,109.24,47.0,33.25,201.01,85.64,,,124.0,75.0,PASS,
BKSY,BlackSky Technology Inc.,NYSE,Technology,Radio And Television Broadcasting And Communications Equipment,44.65,44.65,2048128.0,1776409075.0,35.5,https://api.nasdaq.com/api/quote/BKSY/summary?assetclass=stocks,/home/hermes/market-funnel/nasdaq_summary_archive/20260523T034226Z/symbols/BKSY/nasdaq_summary.json,https://www.barchart.com/stocks/quotes/BKSY/overview,TRUE,0,,126.5,133.78,86.0,68.18,153.38,68.89,,,126.5,75.0,PASS,
BW,"Babcock & Wilcox Enterprises, Inc.",NYSE,Industrials,Building Products,20.54,20.54,3254261.0,2593486019.0,23.0,https://api.nasdaq.com/api/quote/BW/summary?assetclass=stocks,/home/hermes/market-funnel/nasdaq_summary_archive/20260523T034226Z/symbols/BW/nasdaq_summary.json,https://www.barchart.com/stocks/quotes/BW/overview,TRUE,2,,101.49,112.31,0.0,0.0,334.96,101.49,,"barchart_iv_percentile,barchart_iv_rank",101.49,75.0,PASS,
CUZ,COUSINS PROPERTIES INC,NYSE,Real Estate,Real Estate Investment Trusts,26.42,26.42,1260637.0,4360318825.0,28.0,https://api.nasdaq.com/api/quote/CUZ/summary?assetclass=stocks,/home/hermes/market-funnel/nasdaq_summary_archive/20260523T034226Z/symbols/CUZ/nasdaq_summary.json,https://www.barchart.com/stocks/quotes/CUZ/overview,TRUE,0,,95.86,23.53,61.0,47.84,168.16,29.57,,,95.86,75.0,PASS,
ESTC,Elastic N.V.,NYSE,Technology,Computer Software: Prepackaged Software,53.84,53.84,1375740.0,5672890248.0,75.5,https://api.nasdaq.com/api/quote/ESTC/summary?assetclass=stocks,/home/hermes/market-funnel/nasdaq_summary_archive/20260523T034226Z/symbols/ESTC/nasdaq_summary.json,https://www.barchart.com/stocks/quotes/ESTC/overview,TRUE,0,,86.54,47.7,94.0,76.79,102.93,32.32,,,86.54,75.0,PASS,
FIG,"Figma, Inc.",NYSE,Technology,Computer Software: Prepackaged Software,21.59,21.59,16884706.0,11999431973.0,36.5,https://api.nasdaq.com/api/quote/FIG/summary?assetclass=stocks,/home/hermes/market-funnel/nasdaq_summary_archive/20260523T034226Z/symbols/FIG/nasdaq_summary.json,https://www.barchart.com/stocks/quotes/FIG/overview,TRUE,0,,82.94,80.81,50.0,35.04,145.44,49.23,,,82.94,75.0,PASS,
FPS,"Forgent Power Solutions, Inc.",NYSE,Energy,Industrial Machinery/Components,48.52,48.52,3470901.0,14582143783.0,56.0,https://api.nasdaq.com/api/quote/FPS/summary?assetclass=stocks,/home/hermes/market-funnel/nasdaq_summary_archive/20260523T034226Z/symbols/FPS/nasdaq_summary.json,https://www.barchart.com/stocks/quotes/FPS/overview,TRUE,0,,77.16,65.96,18.0,16.24,109.76,70.84,,,77.16,75.0,PASS,
GPGI,"GPGI, Inc.",NYSE,Finance,Finance: Consumer Services,11.96,11.96,1917248.0,3600074030.0,25.0,https://api.nasdaq.com/api/quote/GPGI/summary?assetclass=stocks,/home/hermes/market-funnel/nasdaq_summary_archive/20260523T034226Z/symbols/GPGI/nasdaq_summary.json,https://www.barchart.com/stocks/quotes/GPGI/overview,TRUE,0,,75.18,101.94,66.0,44.3,110.81,46.84,,,75.18,75.0,PASS,
IE,Ivanhoe Electric Inc.,NYSE,Basic Materials,Metal Mining,12.26,12.26,1356377.0,1867840797.0,21.0,https://api.nasdaq.com/api/quote/IE/summary?assetclass=stocks,/home/hermes/market-funnel/nasdaq_summary_archive/20260523T034226Z/symbols/IE/nasdaq_summary.json,https://www.barchart.com/stocks/quotes/IE/overview,TRUE,0,,78.59,75.71,46.0,46.46,113.26,48.5,,,78.59,75.0,PASS,
INFQ,"Infleqtion, Inc.",NYSE,Technology,EDP Services,14.7,14.7,65626226.0,3567519168.0,21.0,https://api.nasdaq.com/api/quote/INFQ/summary?assetclass=stocks,/home/hermes/market-funnel/nasdaq_summary_archive/20260523T034226Z/symbols/INFQ/nasdaq_summary.json,https://www.barchart.com/stocks/quotes/INFQ/overview,TRUE,0,,129.9,129.64,91.0,47.34,167.84,95.79,,,129.9,75.0,PASS,
IONQ,"IonQ, Inc.",NYSE,Technology,EDP Services,58.89,58.89,52650276.0,23754899491.0,65.0,https://api.nasdaq.com/api/quote/IONQ/summary?assetclass=stocks,/home/hermes/market-funnel/nasdaq_summary_archive/20260523T034226Z/symbols/IONQ/nasdaq_summary.json,https://www.barchart.com/stocks/quotes/IONQ/overview,TRUE,0,,107.23,113.11,83.0,59.5,133.43,68.72,,,107.23,75.0,PASS,
IOT,Samsara Inc.,NYSE,Technology,EDP Services,30.15,30.15,3354324.0,18151419054.0,42.0,https://api.nasdaq.com/api/quote/IOT/summary?assetclass=stocks,/home/hermes/market-funnel/nasdaq_summary_archive/20260523T034226Z/symbols/IOT/nasdaq_summary.json,https://www.barchart.com/stocks/quotes/IOT/overview,TRUE,0,,85.02,53.96,91.0,90.09,90.43,35.9,,,85.02,75.0,PASS,
JOBY,"Joby Aviation, Inc.",NYSE,Industrials,Aerospace,10.4,10.4,36013439.0,10741379944.0,10.25,https://api.nasdaq.com/api/quote/JOBY/summary?assetclass=stocks,/home/hermes/market-funnel/nasdaq_summary_archive/20260523T034226Z/symbols/JOBY/nasdaq_summary.json,https://www.barchart.com/stocks/quotes/JOBY/overview,TRUE,0,,76.39,78.37,31.0,24.13,114.16,64.38,,,76.39,75.0,PASS,
KRMN,Karman Holdings Inc.,NYSE,Industrials,Military/Government/Technical,65.3,65.3,1846261.0,8494935766.0,107.0,https://api.nasdaq.com/api/quote/KRMN/summary?assetclass=stocks,/home/hermes/market-funnel/nasdaq_summary_archive/20260523T034226Z/symbols/KRMN/nasdaq_summary.json,https://www.barchart.com/stocks/quotes/KRMN/overview,TRUE,0,,77.59,64.57,71.0,44.95,106.28,54.17,,,77.59,75.0,PASS,
KSS,KOHLS Corp,NYSE,Consumer Discretionary,Department/Specialty Retail Stores,12.7,12.7,5188392.0,1466026152.0,15.0,https://api.nasdaq.com/api/quote/KSS/summary?assetclass=stocks,/home/hermes/market-funnel/nasdaq_summary_archive/20260523T034226Z/symbols/KSS/nasdaq_summary.json,https://www.barchart.com/stocks/quotes/KSS/overview,TRUE,0,,86.54,56.72,75.0,31.79,156.02,54.15,,,86.54,75.0,PASS,
NOK,NOKIA CORP,NYSE,Technology,Radio And Television Broadcasting And Communications Equipment,14.18,14.18,127727733.0,88832448097.0,12.85,https://api.nasdaq.com/api/quote/NOK/summary?assetclass=stocks,/home/hermes/market-funnel/nasdaq_summary_archive/20260523T034226Z/symbols/NOK/nasdaq_summary.json,https://www.barchart.com/stocks/quotes/NOK/overview,TRUE,0,,75.11,72.68,95.0,41.58,145.78,24.81,,,75.11,75.0,PASS,
OKLO,Oklo Inc.,NYSE,Utilities,Electric Utilities: Central,65.09,65.09,11410682.0,11462526224.0,85.0,https://api.nasdaq.com/api/quote/OKLO/summary?assetclass=stocks,/home/hermes/market-funnel/nasdaq_summary_archive/20260523T034226Z/symbols/OKLO/nasdaq_summary.json,https://www.barchart.com/stocks/quotes/OKLO/overview,TRUE,0,,88.92,115.41,14.0,19.15,146.45,75.29,,,88.92,75.0,PASS,
PATH,"UiPath, Inc.",NYSE,Technology,Computer Software: Prepackaged Software,10.57,10.57,39347027.0,5688446329.0,13.0,https://api.nasdaq.com/api/quote/PATH/summary?assetclass=stocks,/home/hermes/market-funnel/nasdaq_summary_archive/20260523T034226Z/symbols/PATH/nasdaq_summary.json,https://www.barchart.com/stocks/quotes/PATH/overview,TRUE,0,,96.42,53.99,96.0,84.99,108.06,30.46,,,96.42,75.0,PASS,
PL,Planet Labs PBC,NYSE,Technology,Radio And Television Broadcasting And Communications Equipment,42.48,42.48,9811856.0,15351709347.0,35.0,https://api.nasdaq.com/api/quote/PL/summary?assetclass=stocks,/home/hermes/market-funnel/nasdaq_summary_archive/20260523T034226Z/symbols/PL/nasdaq_summary.json,https://www.barchart.com/stocks/quotes/PL/overview,TRUE,0,,133.52,83.34,97.0,93.23,138.26,68.25,,,133.52,75.0,PASS,
PUMP,ProPetro Holding Corp.,NYSE,Energy,Oilfield Services/Equipment,17.44,17.44,7855530.0,2078357743.0,20.0,https://api.nasdaq.com/api/quote/PUMP/summary?assetclass=stocks,/home/hermes/market-funnel/nasdaq_summary_archive/20260523T034226Z/symbols/PUMP/nasdaq_summary.json,https://www.barchart.com/stocks/quotes/PUMP/overview,TRUE,0,,89.62,59.85,87.0,45.86,142.79,44.58,,,89.62,75.0,PASS,
QBTS,D-Wave Quantum Inc.,NYSE,Technology,EDP Services,25.74,25.74,141703219.0,10782085469.0,37.0,https://api.nasdaq.com/api/quote/QBTS/summary?assetclass=stocks,/home/hermes/market-funnel/nasdaq_summary_archive/20260523T034226Z/symbols/QBTS/nasdaq_summary.json,https://www.barchart.com/stocks/quotes/QBTS/overview,TRUE,0,,116.74,137.15,83.0,48.78,159.78,75.74,,,116.74,75.0,PASS,
RBRK,"Rubrik, Inc.",NYSE,Technology,Computer Software: Prepackaged Software,64.79,64.79,2430289.0,13704876979.0,84.0,https://api.nasdaq.com/api/quote/RBRK/summary?assetclass=stocks,/home/hermes/market-funnel/nasdaq_summary_archive/20260523T034226Z/symbols/RBRK/nasdaq_summary.json,https://www.barchart.com/stocks/quotes/RBRK/overview,TRUE,0,,89.38,54.09,92.0,85.74,97.71,39.26,,,89.38,75.0,PASS,
RDW,Redwire Corp,NYSE,Industrials,Military/Government/Technical,15.35,15.35,55447735.0,3479088553.0,15.0,https://api.nasdaq.com/api/quote/RDW/summary?assetclass=stocks,/home/hermes/market-funnel/nasdaq_summary_archive/20260523T034226Z/symbols/RDW/nasdaq_summary.json,https://www.barchart.com/stocks/quotes/RDW/overview,TRUE,0,,140.96,130.39,100.0,100.0,140.96,66.95,,,140.96,75.0,PASS,
SEI,"Solaris Energy Infrastructure, Inc.",NYSE,Consumer Discretionary,Oil and Gas Field Machinery,73.43,73.43,1816019.0,5461963523.0,83.0,https://api.nasdaq.com/api/quote/SEI/summary?assetclass=stocks,/home/hermes/market-funnel/nasdaq_summary_archive/20260523T034226Z/symbols/SEI/nasdaq_summary.json,https://www.barchart.com/stocks/quotes/SEI/overview,TRUE,0,,82.23,49.18,34.0,33.47,129.74,58.33,,,82.23,75.0,PASS,
SMR,NUSCALE POWER Corp,NYSE,Industrials,Metal Fabrications,11.33,11.33,30207996.0,4166485178.0,19.0,https://api.nasdaq.com/api/quote/SMR/summary?assetclass=stocks,/home/hermes/market-funnel/nasdaq_summary_archive/20260523T034226Z/symbols/SMR/nasdaq_summary.json,https://www.barchart.com/stocks/quotes/SMR/overview,TRUE,0,,100.15,111.88,41.0,40.72,138.87,73.57,,,100.15,75.0,PASS,
SOC,Sable Offshore Corp.,NYSE,Energy,Oil & Gas Production,14.57,14.57,2110112.0,2275309293.0,24.0,https://api.nasdaq.com/api/quote/SOC/summary?assetclass=stocks,/home/hermes/market-funnel/nasdaq_summary_archive/20260523T034226Z/symbols/SOC/nasdaq_summary.json,https://www.barchart.com/stocks/quotes/SOC/overview,TRUE,0,,115.48,71.08,40.0,35.33,203.4,67.45,,,115.48,75.0,PASS,
UEC,URANIUM ENERGY CORP,NYSE,Basic Materials,Other Metals and Minerals,13.1,13.1,7927987.0,6382674595.0,19.0,https://api.nasdaq.com/api/quote/UEC/summary?assetclass=stocks,/home/hermes/market-funnel/nasdaq_summary_archive/20260523T034226Z/symbols/UEC/nasdaq_summary.json,https://www.barchart.com/stocks/quotes/UEC/overview,TRUE,0,,85.38,85.0,64.0,50.89,112.81,56.95,,,85.38,75.0,PASS,
UUUU,ENERGY FUELS INC,NYSE,Industrials,Mining & Quarrying of Nonmetallic Minerals (No Fuels),17.86,17.86,8921241.0,4507600680.0,28.0,https://api.nasdaq.com/api/quote/UUUU/summary?assetclass=stocks,/home/hermes/market-funnel/nasdaq_summary_archive/20260523T034226Z/symbols/UUUU/nasdaq_summary.json,https://www.barchart.com/stocks/quotes/UUUU/overview,TRUE,0,,82.82,86.66,15.0,15.88,187.16,63.13,,,82.82,75.0,PASS,
VG,"Venture Global, Inc.",NYSE,Utilities,Oil/Gas Transmission,13.56,13.56,11202258.0,34358671555.0,16.0,https://api.nasdaq.com/api/quote/VG/summary?assetclass=stocks,/home/hermes/market-funnel/nasdaq_summary_archive/20260523T034226Z/symbols/VG/nasdaq_summary.json,https://www.barchart.com/stocks/quotes/VG/overview,TRUE,0,,78.01,84.0,36.0,47.38,114.23,45.39,,,78.01,75.0,PASS,
VOYG,"Voyager Technologies, Inc./DE",NYSE,Industrials,Military/Government/Technical,40.1,40.1,3050940.0,2645462242.0,39.0,https://api.nasdaq.com/api/quote/VOYG/summary?assetclass=stocks,/home/hermes/market-funnel/nasdaq_summary_archive/20260523T034226Z/symbols/VOYG/nasdaq_summary.json,https://www.barchart.com/stocks/quotes/VOYG/overview,TRUE,0,,111.41,92.0,95.0,73.43,127.59,66.69,,,111.41,75.0,PASS,
VSCO,Victoria's Secret & Co.,NYSE,Consumer Discretionary,Clothing/Shoe/Accessory Stores,50.55,50.55,2012077.0,4165876287.0,67.0,https://api.nasdaq.com/api/quote/VSCO/summary?assetclass=stocks,/home/hermes/market-funnel/nasdaq_summary_archive/20260523T034226Z/symbols/VSCO/nasdaq_summary.json,https://www.barchart.com/stocks/quotes/VSCO/overview,TRUE,0,,86.22,50.73,96.0,77.14,96.68,50.92,,,86.22,75.0,PASS,
VSH,VISHAY INTERTECHNOLOGY INC,NYSE,Technology,Electrical Products,42.17,42.17,9104406.0,6431000326.0,28.0,https://api.nasdaq.com/api/quote/VSH/summary?assetclass=stocks,/home/hermes/market-funnel/nasdaq_summary_archive/20260523T034226Z/symbols/VSH/nasdaq_summary.json,https://www.barchart.com/stocks/quotes/VSH/overview,TRUE,0,,92.9,64.7,99.0,91.75,97.96,36.64,,,92.9,75.0,PASS,
WOLF,"WOLFSPEED, INC.",NYSE,Technology,Semiconductors,69.5,69.5,10944558.0,3378418371.0,40.0,https://api.nasdaq.com/api/quote/WOLF/summary?assetclass=stocks,/home/hermes/market-funnel/nasdaq_summary_archive/20260523T034226Z/symbols/WOLF/nasdaq_summary.json,https://www.barchart.com/stocks/quotes/WOLF/overview,TRUE,0,,136.46,135.97,56.0,16.98,455.56,71.21,,,136.46,75.0,PASS,
XPRO,EXPRO GROUP HOLDINGS N.V.,NYSE,Energy,Oilfield Services/Equipment,16.44,16.44,1190368.0,1806386858.0,17.5,https://api.nasdaq.com/api/quote/XPRO/summary?assetclass=stocks,/home/hermes/market-funnel/nasdaq_summary_archive/20260523T034226Z/symbols/XPRO/nasdaq_summary.json,https://www.barchart.com/stocks/quotes/XPRO/overview,TRUE,0,,75.47,47.3,66.0,51.45,110.4,38.45,,,75.47,75.0,PASS,
YSS,York Space Systems Inc.,NYSE,Industrials,Military/Government/Technical,28.45,28.45,1380196.0,3765030116.0,35.5,https://api.nasdaq.com/api/quote/YSS/summary?assetclass=stocks,/home/hermes/market-funnel/nasdaq_summary_archive/20260523T034226Z/symbols/YSS/nasdaq_summary.json,https://www.barchart.com/stocks/quotes/YSS/overview,TRUE,0,,111.97,139.46,1.0,3.15,151.85,110.67,,,111.97,75.0,PASS,
