symbol,original_software_patch_required,patched_software_patch_required,classification,stage3_category,sector,share_count_source,weighted_fair_value,target_benchmark_price,fair_value_target_gap_pct,patched_gap_detail
MARA,TRUE,FALSE,MODEL_FAMILY_MISSING,B,Technology,sec,0.2612154721742008,15.5,-98.31,Stage 3 FV $0.26 is -98.3% below closest benchmark Stage 2 target $15.50; Stage 2 target $15.50; Finviz target $17.78; remediation classification MODEL_FAMILY_MISSING; no automated software patch safe from target gap alone
PCT,TRUE,FALSE,MODEL_FAMILY_MISSING,B,Industrials,sec,0.47775808999398484,12.71,-96.24,Stage 3 FV $0.48 is -96.2% below closest benchmark Finviz target $12.71; Stage 2 target $14.00; Finviz target $12.71; remediation classification MODEL_FAMILY_MISSING; no automated software patch safe from target gap alone
QUBT,TRUE,FALSE,MODEL_FAMILY_MISSING,B,Technology,sec,1.1414920598073741,17.83,-93.6,Stage 3 FV $1.14 is -93.6% below closest benchmark Finviz target $17.83; Stage 2 target $18.00; Finviz target $17.83; remediation classification MODEL_FAMILY_MISSING; no automated software patch safe from target gap alone
USAR,TRUE,FALSE,MODEL_FAMILY_MISSING,B,Basic Materials,sec,8.023332084581625,35.0,-77.08,Stage 3 FV $8.02 is -77.1% below closest benchmark Stage 2 target $35.00; Stage 2 target $35.00; Finviz target $37.43; remediation classification MODEL_FAMILY_MISSING; no automated software patch safe from target gap alone
UUUU,TRUE,FALSE,TARGET_OUTLIER,B,Industrials,sec,0.3205562334851166,27.89,-98.85,Stage 3 FV $0.32 is -98.9% below closest benchmark Finviz target $27.89; Stage 2 target $28.00; Finviz target $27.89; remediation classification TARGET_OUTLIER; no automated software patch safe from target gap alone
APLD,TRUE,FALSE,MODEL_FAMILY_MISSING,B,Finance,sec,18.60362830636176,46.0,-59.56,Stage 3 FV $18.60 is -59.6% below closest benchmark Stage 2 target $46.00; Stage 2 target $46.00; Finviz target $57.82; remediation classification MODEL_FAMILY_MISSING; no automated software patch safe from target gap alone
GLXY,TRUE,FALSE,DATA_PROVIDER_ISSUE,B,Finance,market_cap_implied,-68.40599596301915,42.5,-260.96,Stage 3 FV $-68.41 is -261.0% below closest benchmark Stage 2 target $42.50; Stage 2 target $42.50; Finviz target $41.44; remediation classification DATA_PROVIDER_ISSUE; no automated software patch safe from target gap alone
QBTS,TRUE,FALSE,MODEL_FAMILY_MISSING,B,Technology,sec,0.8836136115155898,36.38,-97.57,Stage 3 FV $0.88 is -97.6% below closest benchmark Finviz target $36.38; Stage 2 target $37.00; Finviz target $36.38; remediation classification MODEL_FAMILY_MISSING; no automated software patch safe from target gap alone
ASST,TRUE,FALSE,DATA_PROVIDER_ISSUE,B,Technology,market_cap_implied,1.364328562300095,26.0,-94.75,Stage 3 FV $1.36 is -94.8% below closest benchmark Stage 2 target $26.00; Stage 2 target $26.00; Finviz target $29.00; remediation classification DATA_PROVIDER_ISSUE; no automated software patch safe from target gap alone
IREN,TRUE,FALSE,DATA_PROVIDER_ISSUE,A,Technology,market_cap_implied,19.47938350670693,78.85,-75.3,Stage 3 FV $19.48 is -75.3% below closest benchmark Finviz target $78.85; Stage 2 target $80.00; Finviz target $78.85; remediation classification DATA_PROVIDER_ISSUE; no automated software patch safe from target gap alone
RGTI,TRUE,FALSE,MODEL_FAMILY_MISSING,B,Technology,sec,0.13514493536210148,30.5,-99.56,Stage 3 FV $0.14 is -99.6% below closest benchmark Stage 2 target $30.50; Stage 2 target $30.50; Finviz target $31.00; remediation classification MODEL_FAMILY_MISSING; no automated software patch safe from target gap alone
RIOT,TRUE,FALSE,MODEL_FAMILY_MISSING,B,Finance,sec,-0.23732670650632426,26.41,-100.9,Stage 3 FV $-0.24 is -100.9% below closest benchmark Finviz target $26.41; Stage 2 target $25.00; Finviz target $26.41; remediation classification MODEL_FAMILY_MISSING; no automated software patch safe from target gap alone
RLAY,TRUE,FALSE,TARGET_OUTLIER,B,Health Care,sec,1.0442299158892794,21.5,-95.14,Stage 3 FV $1.04 is -95.1% below closest benchmark Stage 2 target $21.50; Stage 2 target $21.50; Finviz target $24.00; remediation classification TARGET_OUTLIER; no automated software patch safe from target gap alone
RUN,TRUE,FALSE,MODEL_FAMILY_MISSING,B,Miscellaneous,sec,-4.615934446474782,20.0,-123.08,Stage 3 FV $-4.62 is -123.1% below closest benchmark Stage 2 target $20.00; Stage 2 target $20.00; Finviz target $19.03; remediation classification MODEL_FAMILY_MISSING; no automated software patch safe from target gap alone
UEC,TRUE,FALSE,MODEL_FAMILY_MISSING,B,Basic Materials,sec,0.9316540435871665,19.0,-95.1,Stage 3 FV $0.93 is -95.1% below closest benchmark Stage 2 target $19.00; Stage 2 target $19.00; Finviz target $19.66; remediation classification MODEL_FAMILY_MISSING; no automated software patch safe from target gap alone
WULF,TRUE,FALSE,MODEL_FAMILY_MISSING,B,Technology,sec,6.006538937115236,30.0,-79.98,Stage 3 FV $6.01 is -80.0% below closest benchmark Stage 2 target $30.00; Stage 2 target $30.00; Finviz target $30.20; remediation classification MODEL_FAMILY_MISSING; no automated software patch safe from target gap alone
CIFR,TRUE,FALSE,MODEL_FAMILY_MISSING,B,Finance,sec,1.5124742361767318,28.0,-94.6,Stage 3 FV $1.51 is -94.6% below closest benchmark Stage 2 target $28.00; Stage 2 target $28.00; Finviz target $31.31; remediation classification MODEL_FAMILY_MISSING; no automated software patch safe from target gap alone
CSIQ,TRUE,FALSE,NO_PATCH_SAFE,A,Technology,sec,332.27870668406086,15.15,2093.26,Stage 3 FV $332.28 is 2093.3% above closest benchmark Stage 2 target $15.15; Stage 2 target $15.15; Finviz target $13.97; remediation classification NO_PATCH_SAFE; no automated software patch safe from target gap alone
IONQ,TRUE,FALSE,MODEL_FAMILY_MISSING,B,Technology,sec,1.1634734721853721,65.0,-98.21,Stage 3 FV $1.16 is -98.2% below closest benchmark Stage 2 target $65.00; Stage 2 target $65.00; Finviz target $69.95; remediation classification MODEL_FAMILY_MISSING; no automated software patch safe from target gap alone
KSS,TRUE,FALSE,DATA_PROVIDER_ISSUE,A,Consumer Discretionary,market_cap_implied,546.5934805825907,15.0,3543.96,Stage 3 FV $546.59 is 3544.0% above closest benchmark Stage 2 target $15.00; Stage 2 target $15.00; Finviz target $14.77; remediation classification DATA_PROVIDER_ISSUE; no automated software patch safe from target gap alone
PL,TRUE,FALSE,NO_PATCH_SAFE,A,Technology,sec,6.053825818916373,35.0,-82.7,Stage 3 FV $6.05 is -82.7% below closest benchmark Stage 2 target $35.00; Stage 2 target $35.00; Finviz target $35.36; remediation classification NO_PATCH_SAFE; no automated software patch safe from target gap alone
SMCI,TRUE,FALSE,NO_PATCH_SAFE,A,Technology,sec,186.01638336708405,35.73,420.62,Stage 3 FV $186.02 is 420.6% above closest benchmark Finviz target $35.73; Stage 2 target $34.00; Finviz target $35.73; remediation classification NO_PATCH_SAFE; no automated software patch safe from target gap alone
VG,TRUE,FALSE,DATA_PROVIDER_ISSUE,A,Utilities,market_cap_implied,54.89854343512596,16.0,243.12,Stage 3 FV $54.90 is 243.1% above closest benchmark Stage 2 target $16.00; Stage 2 target $16.00; Finviz target $15.53; remediation classification DATA_PROVIDER_ISSUE; no automated software patch safe from target gap alone
VSCO,TRUE,FALSE,MODEL_FAMILY_MISSING,A,Consumer Discretionary,sec,326.4199827416276,67.0,387.19,Stage 3 FV $326.42 is 387.2% above closest benchmark Stage 2 target $67.00; Stage 2 target $67.00; Finviz target $65.78; remediation classification MODEL_FAMILY_MISSING; no automated software patch safe from target gap alone
AMPX,TRUE,FALSE,MODEL_FAMILY_MISSING,B,Miscellaneous,sec,0.20832558577135474,22.0,-99.05,Stage 3 FV $0.21 is -99.1% below closest benchmark Stage 2 target $22.00; Stage 2 target $22.00; Finviz target $22.12; remediation classification MODEL_FAMILY_MISSING; no automated software patch safe from target gap alone
FIG,TRUE,FALSE,DATA_PROVIDER_ISSUE,A,Technology,market_cap_implied,10.578609479913611,33.57,-68.49,Stage 3 FV $10.58 is -68.5% below closest benchmark Finviz target $33.57; Stage 2 target $36.50; Finviz target $33.57; remediation classification DATA_PROVIDER_ISSUE; no automated software patch safe from target gap alone
INFQ,TRUE,FALSE,DATA_PROVIDER_ISSUE,B,Technology,market_cap_implied,0.36800905251406996,21.0,-98.25,Stage 3 FV $0.37 is -98.2% below closest benchmark Stage 2 target $21.00; Stage 2 target $21.00; Finviz target $21.00; remediation classification DATA_PROVIDER_ISSUE; no automated software patch safe from target gap alone
JOBY,TRUE,FALSE,MODEL_FAMILY_MISSING,B,Industrials,sec,0.8669159439483423,10.25,-91.54,Stage 3 FV $0.87 is -91.5% below closest benchmark Stage 2 target $10.25; Stage 2 target $10.25; Finviz target $11.79; remediation classification MODEL_FAMILY_MISSING; no automated software patch safe from target gap alone
LUNR,TRUE,FALSE,DATA_PROVIDER_ISSUE,B,Industrials,market_cap_implied,0.6255955972686675,38.6,-98.38,Stage 3 FV $0.63 is -98.4% below closest benchmark Finviz target $38.60; Stage 2 target $42.00; Finviz target $38.60; remediation classification DATA_PROVIDER_ISSUE; no automated software patch safe from target gap alone
PGY,TRUE,FALSE,DATA_PROVIDER_ISSUE,A,Finance,market_cap_implied,72.37666174429455,27.0,168.06,Stage 3 FV $72.38 is 168.1% above closest benchmark Stage 2 target $27.00; Stage 2 target $27.00; Finviz target $26.90; remediation classification DATA_PROVIDER_ISSUE; no automated software patch safe from target gap alone
PUMP,TRUE,FALSE,MODEL_FAMILY_MISSING,A,Energy,sec,49.76881533122251,20.0,148.84,Stage 3 FV $49.77 is 148.8% above closest benchmark Stage 2 target $20.00; Stage 2 target $20.00; Finviz target $18.36; remediation classification MODEL_FAMILY_MISSING; no automated software patch safe from target gap alone
RBRK,TRUE,FALSE,DATA_PROVIDER_ISSUE,A,Technology,market_cap_implied,34.98368165245654,83.33,-58.02,Stage 3 FV $34.98 is -58.0% below closest benchmark Finviz target $83.33; Stage 2 target $84.00; Finviz target $83.33; remediation classification DATA_PROVIDER_ISSUE; no automated software patch safe from target gap alone
SEDG,TRUE,FALSE,NO_PATCH_SAFE,A,Technology,sec,84.72992711109546,36.0,135.36,Stage 3 FV $84.73 is 135.4% above closest benchmark Stage 2 target $36.00; Stage 2 target $36.00; Finviz target $35.49; remediation classification NO_PATCH_SAFE; no automated software patch safe from target gap alone
SMR,TRUE,FALSE,MODEL_FAMILY_MISSING,B,Industrials,sec,1.3801453062530395,15.95,-91.35,Stage 3 FV $1.38 is -91.3% below closest benchmark Finviz target $15.95; Stage 2 target $19.00; Finviz target $15.95; remediation classification MODEL_FAMILY_MISSING; no automated software patch safe from target gap alone
VIAV,TRUE,FALSE,NO_PATCH_SAFE,A,Technology,sec,20.26354455060874,64.43,-68.55,Stage 3 FV $20.26 is -68.5% below closest benchmark Finviz target $64.43; Stage 2 target $65.00; Finviz target $64.43; remediation classification NO_PATCH_SAFE; no automated software patch safe from target gap alone
WOLF,TRUE,FALSE,MODEL_FAMILY_MISSING,B,Technology,sec,7.223982683307417,40.0,-81.94,Stage 3 FV $7.22 is -81.9% below closest benchmark Stage 2 target $40.00; Stage 2 target $40.00; Finviz target $40.00; remediation classification MODEL_FAMILY_MISSING; no automated software patch safe from target gap alone
AEVA,TRUE,FALSE,MODEL_FAMILY_MISSING,B,Consumer Discretionary,sec,0.3639190229362608,24.0,-98.48,Stage 3 FV $0.36 is -98.5% below closest benchmark Stage 2 target $24.00; Stage 2 target $24.00; Finviz target $24.10; remediation classification MODEL_FAMILY_MISSING; no automated software patch safe from target gap alone
FLNC,TRUE,FALSE,DATA_PROVIDER_ISSUE,B,Miscellaneous,market_cap_implied,-3.5049877673373846,19.06,-118.39,Stage 3 FV $-3.50 is -118.4% below closest benchmark Finviz target $19.06; Stage 2 target $17.00; Finviz target $19.06; remediation classification DATA_PROVIDER_ISSUE; no automated software patch safe from target gap alone
LWLG,TRUE,FALSE,TARGET_OUTLIER,B,Industrials,sec,0.4983006796594323,2.71,-81.61,Stage 3 FV $0.50 is -81.6% below closest benchmark Finviz target $2.71; Finviz target $2.71; remediation classification TARGET_OUTLIER; no automated software patch safe from target gap alone
OUST,TRUE,FALSE,MODEL_FAMILY_MISSING,B,Industrials,sec,0.021779958834681867,37.0,-99.94,Stage 3 FV $0.02 is -99.9% below closest benchmark Finviz target $37.00; Stage 2 target $40.00; Finviz target $37.00; remediation classification MODEL_FAMILY_MISSING; no automated software patch safe from target gap alone
VOYG,TRUE,FALSE,DATA_PROVIDER_ISSUE,B,Industrials,market_cap_implied,5.952734700309603,38.3,-84.46,Stage 3 FV $5.95 is -84.5% below closest benchmark Finviz target $38.30; Stage 2 target $39.00; Finviz target $38.30; remediation classification DATA_PROVIDER_ISSUE; no automated software patch safe from target gap alone
VSH,TRUE,FALSE,NO_PATCH_SAFE,A,Technology,sec,82.44021143483178,34.0,142.47,Stage 3 FV $82.44 is 142.5% above closest benchmark Finviz target $34.00; Stage 2 target $28.00; Finviz target $34.00; remediation classification NO_PATCH_SAFE; no automated software patch safe from target gap alone
WYFI,TRUE,FALSE,MODEL_FAMILY_MISSING,A,Finance,sec,13.886391970098867,33.5,-58.55,Stage 3 FV $13.89 is -58.5% below closest benchmark Stage 2 target $33.50; Stage 2 target $33.50; Finviz target $35.70; remediation classification MODEL_FAMILY_MISSING; no automated software patch safe from target gap alone
YSS,TRUE,FALSE,MODEL_FAMILY_MISSING,B,Industrials,sec,4.7220163323829425,34.67,-86.38,Stage 3 FV $4.72 is -86.4% below closest benchmark Finviz target $34.67; Stage 2 target $35.50; Finviz target $34.67; remediation classification MODEL_FAMILY_MISSING; no automated software patch safe from target gap alone
HIMX,TRUE,FALSE,NO_PATCH_SAFE,A,Technology,sec,8.108464265399697,23.7,-65.79,Stage 3 FV $8.11 is -65.8% below closest benchmark Stage 2 target $23.70; Stage 2 target $23.70; Finviz target $23.70; remediation classification NO_PATCH_SAFE; no automated software patch safe from target gap alone
