symbol,name,master_exchange,sector,industry,price_proxy,share_volume,market_cap,one_yr_target,stage1_pass,stage1_reasons,stage2_verdict,eligible_for_stage3,hp_tier,stage2_hp_total,stage2_hp_left,stage2_damage,stage2_score,stage2_bad_count,stage2_weak_count,stage2_bad_text,stage2_weak_text,iv_spike_diagnosis_status,iv_spike_diagnosis_hp_loss,iv_spike_diagnosis_detail,meme_stock_status,meme_stock_hp_loss,meme_stock_detail,chart_pattern_status,chart_pattern_hp_loss,chart_pattern_detail,news_sentiment_status,news_sentiment_hp_loss,news_sentiment_detail,analyst_consensus_status,analyst_consensus_hp_loss,analyst_consensus_detail,liquidity_status,liquidity_hp_loss,liquidity_detail,institutional_ownership_status,institutional_ownership_hp_loss,institutional_ownership_detail
AEVA,"Aeva Technologies, Inc.",NASDAQ,Consumer Discretionary,Auto Parts:O.E.M.,21.49,3887434.0,1596193588.0,24.0,PASS,,PASS,TRUE,Watch,10,4,6,4.0,2,2,"Sell/negative consensus or target below price (-4.8%) | Execution impaired: spread $0.90, volume 2,025, OI 12,310",Mixed/partial catalyst signal in headlines | Single large gap event,WEAK,1,Mixed/partial catalyst signal in headlines,PASS,0,0-1 meme signals,WEAK,1,Single large gap event,PASS,0,Neutral or positive recent news flow,BAD,2,Sell/negative consensus or target below price (-4.8%),BAD,2,"Execution impaired: spread $0.90, volume 2,025, OI 12,310",PASS,0,Institutional ownership above 50% (60.2%)
AMKR,"AMKOR TECHNOLOGY, INC.",NASDAQ,Technology,Semiconductors,65.9,5895258.0,16297618059.0,70.0,PASS,,PASS,TRUE,Standard,10,5,5,4.5,1,3,"Execution impaired: spread $0.40, volume 2,804, OI 90,375",Upper portion of 52-week range | Hold/modest upside profile (19.8%) | Institutional ownership 30-50% (50.0%),PASS,0,Elevated IV has a visible fundamental/sector catalyst,PASS,0,0-1 meme signals,WEAK,1,Upper portion of 52-week range,PASS,0,Neutral or positive recent news flow,WEAK,1,Hold/modest upside profile (19.8%),BAD,2,"Execution impaired: spread $0.40, volume 2,804, OI 90,375",WEAK,1,Institutional ownership 30-50% (50.0%)
APLD,Applied Digital Corp.,NASDAQ,Finance,Finance: Consumer Services,48.02,22215241.0,13108248754.0,46.0,PASS,,PASS,TRUE,Strong,10,8,2,6.0,0,2,,"Upper portion of 52-week range | Borderline liquidity: spread $0.13, volume 32,267, OI 60,387",PASS,0,Elevated IV has a visible fundamental/sector catalyst,PASS,0,0-1 meme signals,WEAK,1,Upper portion of 52-week range,PASS,0,Neutral or positive recent news flow,PASS,0,Constructive target upside (26.1%),WEAK,1,"Borderline liquidity: spread $0.13, volume 32,267, OI 60,387",PASS,0,Institutional ownership above 50% (70.3%)
ASST,"Strive, Inc.",NASDAQ,Technology,Computer Software: Prepackaged Software,18.53,7804389.0,1330834711.0,26.0,PASS,,PASS,TRUE,Strong,10,7,3,5.5,1,1,Broke 200-day moving average,"Borderline liquidity: spread $0.22, volume 11,077, OI 7,426",PASS,0,No binary IV-spike cause detected,PASS,0,0-1 meme signals,BAD,2,Broke 200-day moving average,PASS,0,Neutral or positive recent news flow,PASS,0,Constructive target upside (59.3%),WEAK,1,"Borderline liquidity: spread $0.22, volume 11,077, OI 7,426",PASS,0,Institutional ownership above 50% (52.6%)
BRZE,"Braze, Inc.",NASDAQ,Technology,Computer Software: Prepackaged Software,23.41,3074675.0,2964170596.0,32.0,PASS,,PASS,TRUE,Standard,10,6,4,5.0,2,0,"Broke 200-day moving average | Execution impaired: spread $0.25, volume 1,374, OI 8,066",,PASS,0,Elevated IV has a visible fundamental/sector catalyst,PASS,0,0-1 meme signals,BAD,2,Broke 200-day moving average,PASS,0,Neutral or positive recent news flow,PASS,0,Constructive target upside (43.1%),BAD,2,"Execution impaired: spread $0.25, volume 1,374, OI 8,066",PASS,0,Institutional ownership above 50% (76.7%)
BTDR,Bitdeer Technologies Group,NASDAQ,Finance,Finance: Consumer Services,14.92,7944834.0,3564545016.0,20.0,PASS,,PASS,TRUE,Strong,10,7,3,5.5,0,3,,"Mixed/partial catalyst signal in headlines | Borderline liquidity: spread $0.20, volume 8,984, OI 24,704 | Institutional ownership 30-50% (43.3%)",WEAK,1,Mixed/partial catalyst signal in headlines,PASS,0,0-1 meme signals,PASS,0,Consolidating/steady chart; no extension or breakdown detected,PASS,0,Neutral or positive recent news flow,PASS,0,Constructive target upside (46.9%),WEAK,1,"Borderline liquidity: spread $0.20, volume 8,984, OI 24,704",WEAK,1,Institutional ownership 30-50% (43.3%)
CIFR,Cipher Digital Inc.,NASDAQ,Finance,Finance: Consumer Services,21.52,19436524.0,8986810858.0,28.0,PASS,,PASS,TRUE,Standard,10,6,4,5.0,0,4,,"Mixed/partial catalyst signal in headlines | Upper portion of 52-week range | Minor/isolated negative news flow | Borderline liquidity: spread $0.12, volume 54,186, OI 52,589",WEAK,1,Mixed/partial catalyst signal in headlines,PASS,0,0-1 meme signals,WEAK,1,Upper portion of 52-week range,WEAK,1,Minor/isolated negative news flow,PASS,0,Constructive target upside (42.5%),WEAK,1,"Borderline liquidity: spread $0.12, volume 54,186, OI 52,589",PASS,0,Institutional ownership above 50% (61.8%)
CLSK,"CLEANSPARK, INC.",NASDAQ,Finance,Finance: Consumer Services,15.76,21146824.0,4098039438.0,21.5,PASS,,PASS,TRUE,Diamond,10,9,1,6.5,0,1,,Minor/isolated negative news flow,PASS,0,Elevated IV has a visible fundamental/sector catalyst,PASS,0,0-1 meme signals,PASS,0,Consolidating/steady chart; no extension or breakdown detected,WEAK,1,Minor/isolated negative news flow,PASS,0,Constructive target upside (26.5%),PASS,0,"Clean liquidity: spread $0.04, volume 27,460, OI 39,207",PASS,0,Institutional ownership above 50% (84.2%)
CMPS,COMPASS Pathways plc,NASDAQ,Health Care,Biotechnology: Pharmaceutical Preparations,11.59,3871019.0,1593751469.0,18.0,PASS,,PASS,TRUE,Standard,10,6,4,5.0,1,2,"Execution impaired: spread $0.50, volume 2,225, OI 27,675",Mixed/partial catalyst signal in headlines | Upper portion of 52-week range,WEAK,1,Mixed/partial catalyst signal in headlines,PASS,0,0-1 meme signals,WEAK,1,Upper portion of 52-week range,PASS,0,Neutral or positive recent news flow,PASS,0,Constructive target upside (83.9%),BAD,2,"Execution impaired: spread $0.50, volume 2,225, OI 27,675",PASS,0,Institutional ownership above 50% (67.5%)
CRML,Critical Metals Corp.,NASDAQ,Basic Materials,Metal Mining,11.14,10149001.0,1385988853.0,20.0,PASS,,PASS,TRUE,Standard,10,5,5,4.5,2,1,"Execution impaired: spread $0.35, volume 4,955, OI 11,742 | Institutional ownership below 30% (18.7%)","2 meme signals: low institutional ownership, weak/negative forward EPS",PASS,0,No binary IV-spike cause detected,WEAK,1,"2 meme signals: low institutional ownership, weak/negative forward EPS",PASS,0,Consolidating/steady chart; no extension or breakdown detected,PASS,0,Neutral or positive recent news flow,PASS,0,Constructive target upside (73.0%),BAD,2,"Execution impaired: spread $0.35, volume 4,955, OI 11,742",BAD,2,Institutional ownership below 30% (18.7%)
CSIQ,Canadian Solar Inc.,NASDAQ,Technology,Semiconductors,18.1,3248167.0,1280379749.0,15.15,PASS,,PASS,TRUE,Standard,10,6,4,5.0,1,2,Sell/negative consensus or target below price (-26.0%),"Mixed/partial catalyst signal in headlines | Borderline liquidity: spread $0.20, volume 2,319, OI 6,798",WEAK,1,Mixed/partial catalyst signal in headlines,PASS,0,0-1 meme signals,PASS,0,Consolidating/steady chart; no extension or breakdown detected,PASS,0,Neutral or positive recent news flow,BAD,2,Sell/negative consensus or target below price (-26.0%),WEAK,1,"Borderline liquidity: spread $0.20, volume 2,319, OI 6,798",PASS,0,Institutional ownership above 50% (50.6%)
ENPH,"Enphase Energy, Inc.",NASDAQ,Technology,Semiconductors,62.34,10996353.0,8439040027.0,37.0,PASS,,PASS,TRUE,Watch,10,4,6,4.0,3,0,"At/new 52-week high | Sell/negative consensus or target below price (-34.0%) | Execution impaired: spread $0.45, volume 9,163, OI 21,962",,PASS,0,Elevated IV has a visible fundamental/sector catalyst,PASS,0,0-1 meme signals,BAD,2,At/new 52-week high,PASS,0,Neutral or positive recent news flow,BAD,2,Sell/negative consensus or target below price (-34.0%),BAD,2,"Execution impaired: spread $0.45, volume 9,163, OI 21,962",PASS,0,Institutional ownership above 50% (99.4%)
FCEL,FUELCELL ENERGY INC,NASDAQ,Energy,Industrial Machinery/Components,26.38,12077530.0,1324976429.0,7.62,PASS,,PASS,TRUE,Watch,10,3,7,3.5,2,3,"Sell/negative consensus or target below price (-66.3%) | Execution impaired: spread $0.55, volume 7,473, OI 18,860",Mixed/partial catalyst signal in headlines | Upper portion of 52-week range | Institutional ownership 30-50% (47.4%),WEAK,1,Mixed/partial catalyst signal in headlines,PASS,0,0-1 meme signals,WEAK,1,Upper portion of 52-week range,PASS,0,Neutral or positive recent news flow,BAD,2,Sell/negative consensus or target below price (-66.3%),BAD,2,"Execution impaired: spread $0.55, volume 7,473, OI 18,860",WEAK,1,Institutional ownership 30-50% (47.4%)
FLNC,"Fluence Energy, Inc.",NASDAQ,Miscellaneous,Industrial Machinery/Components,20.19,10969377.0,3960183368.0,17.0,PASS,,PASS,TRUE,Watch,10,4,6,4.0,2,2,Sell/negative consensus or target below price (-11.3%) | Insider selling spike (-23.4%),"Mixed/partial catalyst signal in headlines | Borderline liquidity: spread $0.25, volume 14,318, OI 39,451",WEAK,1,Mixed/partial catalyst signal in headlines,PASS,0,0-1 meme signals,PASS,0,Consolidating/steady chart; no extension or breakdown detected,PASS,0,Neutral or positive recent news flow,BAD,2,Sell/negative consensus or target below price (-11.3%),WEAK,1,"Borderline liquidity: spread $0.25, volume 14,318, OI 39,451",BAD,2,Insider selling spike (-23.4%)
FLY,Firefly Aerospace Inc.,NASDAQ,Industrials,Military/Government/Technical,42.86,8823162.0,7931643242.0,36.0,PASS,,ELIMINATED,FALSE,Eliminated,10,2,8,3.0,3,2,"Sell/negative consensus or target below price (-12.4%) | Execution impaired: spread $1.70, volume 5,397, OI 7,262 | Institutional ownership below 30% (19.1%)","2 meme signals: low institutional ownership, weak/negative forward EPS | Single large gap event",PASS,0,Elevated IV has a visible fundamental/sector catalyst,WEAK,1,"2 meme signals: low institutional ownership, weak/negative forward EPS",WEAK,1,Single large gap event,PASS,0,Neutral or positive recent news flow,BAD,2,Sell/negative consensus or target below price (-12.4%),BAD,2,"Execution impaired: spread $1.70, volume 5,397, OI 7,262",BAD,2,Institutional ownership below 30% (19.1%)
FSLY,"Fastly, Inc.",NASDAQ,Technology,Computer Software: Prepackaged Software,16.4,5942212.0,2554080000.0,24.0,PASS,,PASS,TRUE,Strong,10,8,2,6.0,0,2,,"Broke 50-day moving average but not 200-day | Borderline liquidity: spread $0.20, volume 2,596, OI 16,908",PASS,0,Elevated IV has a visible fundamental/sector catalyst,PASS,0,0-1 meme signals,WEAK,1,Broke 50-day moving average but not 200-day,PASS,0,Neutral or positive recent news flow,PASS,0,Constructive target upside (54.4%),WEAK,1,"Borderline liquidity: spread $0.20, volume 2,596, OI 16,908",PASS,0,Institutional ownership above 50% (88.7%)
GLXY,Galaxy Digital Inc.,NASDAQ,Finance,Investment Bankers/Brokers/Service,29.57,4068355.0,11190985955.0,42.5,PASS,,PASS,TRUE,Strong,10,8,2,6.0,0,2,,"Mixed/partial catalyst signal in headlines | Borderline liquidity: spread $0.21, volume 6,025, OI 27,434",WEAK,1,Mixed/partial catalyst signal in headlines,PASS,0,0-1 meme signals,PASS,0,Consolidating/steady chart; no extension or breakdown detected,PASS,0,Neutral or positive recent news flow,PASS,0,Constructive target upside (44.6%),WEAK,1,"Borderline liquidity: spread $0.21, volume 6,025, OI 27,434",PASS,0,Institutional ownership above 50% (70.3%)
GTLB,Gitlab Inc.,NASDAQ,Technology,Computer Software: Prepackaged Software,25.62,3052961.0,4540830012.0,28.0,PASS,,PASS,TRUE,Watch,10,3,7,3.5,2,3,"Broke 200-day moving average | Execution impaired: spread $0.70, volume 3,010, OI 2,300",Mixed/partial catalyst signal in headlines | Minor/isolated negative news flow | Hold/modest upside profile (14.1%),WEAK,1,Mixed/partial catalyst signal in headlines,PASS,0,0-1 meme signals,BAD,2,Broke 200-day moving average,WEAK,1,Minor/isolated negative news flow,WEAK,1,Hold/modest upside profile (14.1%),BAD,2,"Execution impaired: spread $0.70, volume 3,010, OI 2,300",PASS,0,Institutional ownership above 50% (81.2%)
HIMX,"Himax Technologies, Inc.",NASDAQ,Technology,Semiconductors,19.89,4287841.0,3669921231.0,23.7,PASS,,PASS,TRUE,Watch,10,3,7,3.5,2,3,"Execution impaired: spread $0.40, volume 5,200, OI 56,849 | Institutional ownership below 30% (20.3%)",Mixed/partial catalyst signal in headlines | Upper portion of 52-week range | Hold/modest upside profile (12.6%),WEAK,1,Mixed/partial catalyst signal in headlines,PASS,0,0-1 meme signals,WEAK,1,Upper portion of 52-week range,PASS,0,Neutral or positive recent news flow,WEAK,1,Hold/modest upside profile (12.6%),BAD,2,"Execution impaired: spread $0.40, volume 5,200, OI 56,849",BAD,2,Institutional ownership below 30% (20.3%)
HLIT,HARMONIC INC.,NASDAQ,Technology,Radio And Television Broadcasting And Communications Equipment,12.7,12974029.0,1649145827.0,15.0,PASS,,PASS,TRUE,Standard,10,6,4,5.0,0,4,,"Mixed/partial catalyst signal in headlines | Single large gap event | Hold/modest upside profile (0.6%) | Borderline liquidity: spread $0.20, volume 11,690, OI 5,132",WEAK,1,Mixed/partial catalyst signal in headlines,PASS,0,0-1 meme signals,WEAK,1,Single large gap event,PASS,0,Neutral or positive recent news flow,WEAK,1,Hold/modest upside profile (0.6%),WEAK,1,"Borderline liquidity: spread $0.20, volume 11,690, OI 5,132",PASS,0,Institutional ownership above 50% (85.6%)
IRDM,Iridium Communications Inc.,NASDAQ,Telecommunications,Telecommunications Equipment,45.7,2247350.0,5163743017.0,39.0,PASS,,PASS,TRUE,Watch,10,3,7,3.5,3,1,"At/new 52-week high | Sell/negative consensus or target below price (-26.8%) | Execution impaired: spread $0.30, volume 3,195, OI 17,554",Minor/isolated negative news flow,PASS,0,Elevated IV has a visible fundamental/sector catalyst,PASS,0,0-1 meme signals,BAD,2,At/new 52-week high,WEAK,1,Minor/isolated negative news flow,BAD,2,Sell/negative consensus or target below price (-26.8%),BAD,2,"Execution impaired: spread $0.30, volume 3,195, OI 17,554",PASS,0,Institutional ownership above 50% (85.0%)
IREN,IREN Ltd,NASDAQ,Technology,EDP Services,58.06,36374598.0,20309830043.0,80.0,PASS,,PASS,TRUE,Strong,10,7,3,5.5,0,3,,"Upper portion of 52-week range | Borderline liquidity: spread $0.17, volume 145,278, OI 189,627 | Institutional ownership 30-50% (46.7%)",PASS,0,No binary IV-spike cause detected,PASS,0,0-1 meme signals,WEAK,1,Upper portion of 52-week range,PASS,0,Neutral or positive recent news flow,PASS,0,Constructive target upside (38.7%),WEAK,1,"Borderline liquidity: spread $0.17, volume 145,278, OI 189,627",WEAK,1,Institutional ownership 30-50% (46.7%)
LPTH,LIGHTPATH TECHNOLOGIES INC,NASDAQ,Technology,Semiconductors,14.28,7850173.0,1064280449.0,15.95,PASS,,ELIMINATED,FALSE,Eliminated,10,2,8,3.0,4,0,"At/new 52-week high | Sell/negative consensus or target below price (-5.8%) | Execution impaired: spread $0.90, volume 10,845, OI 35,377 | Insider selling spike (-51.2%)",,PASS,0,Elevated IV has a visible fundamental/sector catalyst,PASS,0,0-1 meme signals,BAD,2,At/new 52-week high,PASS,0,Neutral or positive recent news flow,BAD,2,Sell/negative consensus or target below price (-5.8%),BAD,2,"Execution impaired: spread $0.90, volume 10,845, OI 35,377",BAD,2,Insider selling spike (-51.2%)
LUNR,"Intuitive Machines, Inc.",NASDAQ,Industrials,Industrial Machinery/Components,34.24,14814308.0,8303221509.0,42.0,PASS,,PASS,TRUE,Standard,10,5,5,4.5,1,3,"Execution impaired: spread $0.39, volume 15,162, OI 25,053",Upper portion of 52-week range | Minor/isolated negative news flow | Hold/modest upside profile (0.9%),PASS,0,Elevated IV has a visible fundamental/sector catalyst,PASS,0,0-1 meme signals,WEAK,1,Upper portion of 52-week range,WEAK,1,Minor/isolated negative news flow,WEAK,1,Hold/modest upside profile (0.9%),BAD,2,"Execution impaired: spread $0.39, volume 15,162, OI 25,053",PASS,0,Institutional ownership above 50% (69.6%)
LWLG,"Lightwave Logic, Inc.",NASDAQ,Industrials,Containers/Packaging,13.17,6633844.0,1979923271.0,,PASS,,PASS,TRUE,Watch,10,4,6,4.0,3,0,"Sell/negative consensus or target below price (-78.9%) | Execution impaired: spread $0.30, volume 4,813, OI 47,239 | Institutional ownership below 30% (27.2%)",,PASS,0,Elevated IV has a visible fundamental/sector catalyst,PASS,0,0-1 meme signals,PASS,0,Consolidating/steady chart; no extension or breakdown detected,PASS,0,Neutral or positive recent news flow,BAD,2,Sell/negative consensus or target below price (-78.9%),BAD,2,"Execution impaired: spread $0.30, volume 4,813, OI 47,239",BAD,2,Institutional ownership below 30% (27.2%)
MARA,"MARA Holdings, Inc.",NASDAQ,Technology,EDP Services,13.55,40169136.0,5265345646.0,15.5,PASS,,PASS,TRUE,Diamond,10,10,0,7.0,0,0,,,PASS,0,Elevated IV has a visible fundamental/sector catalyst,PASS,0,0-1 meme signals,PASS,0,Consolidating/steady chart; no extension or breakdown detected,PASS,0,Neutral or positive recent news flow,PASS,0,Constructive target upside (28.7%),PASS,0,"Clean liquidity: spread $0.03, volume 88,983, OI 164,141",PASS,0,Institutional ownership above 50% (66.5%)
NNE,Nano Nuclear Energy Inc.,NASDAQ,Utilities,Electric Utilities: Central,25.08,2138422.0,1392186449.0,45.5,PASS,,PASS,TRUE,Watch,10,4,6,4.0,3,0,"Broke 200-day moving average | Execution impaired: spread $0.35, volume 2,815, OI 6,380 | Insider selling spike (-29.0%)",,PASS,0,Elevated IV has a visible fundamental/sector catalyst,PASS,0,0-1 meme signals,BAD,2,Broke 200-day moving average,PASS,0,Neutral or positive recent news flow,PASS,0,Constructive target upside (71.2%),BAD,2,"Execution impaired: spread $0.35, volume 2,815, OI 6,380",BAD,2,Insider selling spike (-29.0%)
NVTS,Navitas Semiconductor Corp,NASDAQ,Technology,Semiconductors,24.38,51184372.0,6836110106.0,12.5,PASS,,ELIMINATED,FALSE,Eliminated,10,2,8,3.0,3,2,"At/new 52-week high | Sell/negative consensus or target below price (-50.6%) | Execution impaired: spread $0.31, volume 36,403, OI 34,655",Mixed/partial catalyst signal in headlines | Institutional ownership 30-50% (44.9%),WEAK,1,Mixed/partial catalyst signal in headlines,PASS,0,0-1 meme signals,BAD,2,At/new 52-week high,PASS,0,Neutral or positive recent news flow,BAD,2,Sell/negative consensus or target below price (-50.6%),BAD,2,"Execution impaired: spread $0.31, volume 36,403, OI 34,655",WEAK,1,Institutional ownership 30-50% (44.9%)
OUST,"Ouster, Inc.",NASDAQ,Industrials,Industrial Machinery/Components,35.09,5490752.0,2349964200.0,40.0,PASS,,PASS,TRUE,Watch,10,4,6,4.0,2,2,"Sell/negative consensus or target below price (-0.1%) | Execution impaired: spread $0.50, volume 5,943, OI 5,386",Upper portion of 52-week range | Institutional ownership 30-50% (46.6%),PASS,0,Elevated IV has a visible fundamental/sector catalyst,PASS,0,0-1 meme signals,WEAK,1,Upper portion of 52-week range,PASS,0,Neutral or positive recent news flow,BAD,2,Sell/negative consensus or target below price (-0.1%),BAD,2,"Execution impaired: spread $0.50, volume 5,943, OI 5,386",WEAK,1,Institutional ownership 30-50% (46.6%)
PCT,"PureCycle Technologies, Inc.",NASDAQ,Industrials,Major Chemicals,11.33,3915233.0,2047375386.0,14.0,PASS,,PASS,TRUE,Diamond,10,9,1,6.5,0,1,,Hold/modest upside profile (12.3%),PASS,0,Elevated IV has a visible fundamental/sector catalyst,PASS,0,0-1 meme signals,PASS,0,Consolidating/steady chart; no extension or breakdown detected,PASS,0,Neutral or positive recent news flow,WEAK,1,Hold/modest upside profile (12.3%),PASS,0,"Clean liquidity: spread $0.10, volume 7,452, OI 11,208",PASS,0,Institutional ownership above 50% (75.4%)
PENG,"Penguin Solutions, Inc.",NASDAQ,Technology,Semiconductors,48.81,3178030.0,2700274901.0,33.0,PASS,,PASS,TRUE,Watch,10,4,6,4.0,3,0,"At/new 52-week high | Sell/negative consensus or target below price (-28.0%) | Execution impaired: spread $1.30, volume 5,224, OI 26,473",,PASS,0,Elevated IV has a visible fundamental/sector catalyst,PASS,0,0-1 meme signals,BAD,2,At/new 52-week high,PASS,0,Neutral or positive recent news flow,BAD,2,Sell/negative consensus or target below price (-28.0%),BAD,2,"Execution impaired: spread $1.30, volume 5,224, OI 26,473",PASS,0,Institutional ownership above 50% (114.7%)
PGY,Pagaya Technologies Ltd.,NASDAQ,Finance,Finance: Consumer Services,13.08,3815149.0,1083298340.0,27.0,PASS,,PASS,TRUE,Standard,10,5,5,4.5,2,1,"Broke 200-day moving average | Execution impaired: spread $0.20, volume 1,489, OI 9,924",Institutional ownership 30-50% (43.6%),PASS,0,Elevated IV has a visible fundamental/sector catalyst,PASS,0,0-1 meme signals,BAD,2,Broke 200-day moving average,PASS,0,Neutral or positive recent news flow,PASS,0,Constructive target upside (110.8%),BAD,2,"Execution impaired: spread $0.20, volume 1,489, OI 9,924",WEAK,1,Institutional ownership 30-50% (43.6%)
POET,POET TECHNOLOGIES INC.,NASDAQ,Technology,Semiconductors,14.82,33765995.0,2230717682.0,7.3,PASS,,PASS,TRUE,Standard,10,5,5,4.5,1,3,Sell/negative consensus or target below price (-42.4%),"Minor/isolated negative news flow | Borderline liquidity: spread $0.13, volume 43,639, OI 87,928 | Institutional ownership 30-50% (48.0%)",PASS,0,Elevated IV has a visible fundamental/sector catalyst,PASS,0,0-1 meme signals,PASS,0,Consolidating/steady chart; no extension or breakdown detected,WEAK,1,Minor/isolated negative news flow,BAD,2,Sell/negative consensus or target below price (-42.4%),WEAK,1,"Borderline liquidity: spread $0.13, volume 43,639, OI 87,928",WEAK,1,Institutional ownership 30-50% (48.0%)
PPTA,PERPETUA RESOURCES CORP.,NASDAQ,Basic Materials,Precious Metals,26.72,2736902.0,3167392816.0,39.8,PASS,,PASS,TRUE,Standard,10,6,4,5.0,2,0,"Broke 200-day moving average | Execution impaired: spread $0.60, volume 3,275, OI 15,517",,PASS,0,No binary IV-spike cause detected,PASS,0,0-1 meme signals,BAD,2,Broke 200-day moving average,PASS,0,Neutral or positive recent news flow,PASS,0,Constructive target upside (48.9%),BAD,2,"Execution impaired: spread $0.60, volume 3,275, OI 15,517",PASS,0,Institutional ownership above 50% (69.5%)
QUBT,Quantum Computing Inc.,NASDAQ,Technology,Computer Software: Prepackaged Software,11.41,68053944.0,2776335690.0,18.0,PASS,,PASS,TRUE,Diamond,10,9,1,6.5,0,1,,Institutional ownership 30-50% (42.2%),PASS,0,Elevated IV has a visible fundamental/sector catalyst,PASS,0,0-1 meme signals,PASS,0,Consolidating/steady chart; no extension or breakdown detected,PASS,0,Neutral or positive recent news flow,PASS,0,Constructive target upside (44.8%),PASS,0,"Clean liquidity: spread $0.06, volume 54,496, OI 30,238",WEAK,1,Institutional ownership 30-50% (42.2%)
RGTI,"Rigetti Computing, Inc.",NASDAQ,Technology,EDP Services,22.04,204233244.0,8781976481.0,30.5,PASS,,PASS,TRUE,Strong,10,7,3,5.5,0,3,,"Single large gap event | Hold/modest upside profile (17.3%) | Borderline liquidity: spread $0.15, volume 169,515, OI 65,878",PASS,0,No binary IV-spike cause detected,PASS,0,0-1 meme signals,WEAK,1,Single large gap event,PASS,0,Neutral or positive recent news flow,WEAK,1,Hold/modest upside profile (17.3%),WEAK,1,"Borderline liquidity: spread $0.15, volume 169,515, OI 65,878",PASS,0,Institutional ownership above 50% (52.8%)
RIOT,"Riot Platforms, Inc.",NASDAQ,Finance,Finance: Consumer Services,24.47,11155160.0,9252669929.0,25.0,PASS,,PASS,TRUE,Strong,10,7,3,5.5,0,3,,Upper portion of 52-week range | Minor/isolated negative news flow | Hold/modest upside profile (7.8%),PASS,0,Elevated IV has a visible fundamental/sector catalyst,PASS,0,0-1 meme signals,WEAK,1,Upper portion of 52-week range,WEAK,1,Minor/isolated negative news flow,WEAK,1,Hold/modest upside profile (7.8%),PASS,0,"Clean liquidity: spread $0.05, volume 52,608, OI 45,867",PASS,0,Institutional ownership above 50% (78.6%)
RLAY,"Relay Therapeutics, Inc.",NASDAQ,Health Care,Biotechnology: Biological Products (No Diagnostic Substances),13.66,5355400.0,2592160812.0,21.5,PASS,,PASS,TRUE,Strong,10,7,3,5.5,1,1,"Execution impaired: spread $0.80, volume 2,057, OI 39,565",Upper portion of 52-week range,PASS,0,No binary IV-spike cause detected,PASS,0,0-1 meme signals,WEAK,1,Upper portion of 52-week range,PASS,0,Neutral or positive recent news flow,PASS,0,Constructive target upside (74.9%),BAD,2,"Execution impaired: spread $0.80, volume 2,057, OI 39,565",PASS,0,Institutional ownership above 50% (74.0%)
RUN,Sunrun Inc.,NASDAQ,Miscellaneous,Industrial Machinery/Components,14.445,5841028.0,3487590576.0,20.0,PASS,,PASS,TRUE,Strong,10,7,3,5.5,1,1,Broke 200-day moving average,"Borderline liquidity: spread $0.21, volume 2,948, OI 6,626",PASS,0,Elevated IV has a visible fundamental/sector catalyst,PASS,0,0-1 meme signals,BAD,2,Broke 200-day moving average,PASS,0,Neutral or positive recent news flow,PASS,0,Constructive target upside (30.2%),WEAK,1,"Borderline liquidity: spread $0.21, volume 2,948, OI 6,626",PASS,0,Institutional ownership above 50% (109.5%)
SEDG,"SOLAREDGE TECHNOLOGIES, INC.",NASDAQ,Technology,Semiconductors,63.0,4079940.0,3767687614.0,36.0,PASS,,PASS,TRUE,Standard,10,5,5,4.5,2,1,"Sell/negative consensus or target below price (-42.7%) | Execution impaired: spread $0.75, volume 3,946, OI 7,971",Upper portion of 52-week range,PASS,0,Elevated IV has a visible fundamental/sector catalyst,PASS,0,0-1 meme signals,WEAK,1,Upper portion of 52-week range,PASS,0,Neutral or positive recent news flow,BAD,2,Sell/negative consensus or target below price (-42.7%),BAD,2,"Execution impaired: spread $0.75, volume 3,946, OI 7,971",PASS,0,Institutional ownership above 50% (102.6%)
SMCI,"Super Micro Computer, Inc.",NASDAQ,Technology,Computer Manufacturing,33.46,39440985.0,21398469590.0,34.0,PASS,,PASS,TRUE,Standard,10,6,4,5.0,1,2,Broke 200-day moving average,"Hold/modest upside profile (0.4%) | Borderline liquidity: spread $0.11, volume 166,375, OI 87,456",PASS,0,Elevated IV has a visible fundamental/sector catalyst,PASS,0,0-1 meme signals,BAD,2,Broke 200-day moving average,PASS,0,Neutral or positive recent news flow,WEAK,1,Hold/modest upside profile (0.4%),WEAK,1,"Borderline liquidity: spread $0.11, volume 166,375, OI 87,456",PASS,0,Institutional ownership above 50% (57.8%)
USAR,"USA Rare Earth, Inc.",NASDAQ,Basic Materials,Metal Mining,24.29,18253936.0,5642794760.0,35.0,PASS,,PASS,TRUE,Diamond,10,9,1,6.5,0,1,,"Borderline liquidity: spread $0.11, volume 15,579, OI 23,261",PASS,0,Elevated IV has a visible fundamental/sector catalyst,PASS,0,0-1 meme signals,PASS,0,Consolidating/steady chart; no extension or breakdown detected,PASS,0,Neutral or positive recent news flow,PASS,0,Constructive target upside (47.9%),WEAK,1,"Borderline liquidity: spread $0.11, volume 15,579, OI 23,261",PASS,0,Institutional ownership above 50% (57.3%)
VIAV,VIAVI SOLUTIONS INC.,NASDAQ,Technology,Semiconductors,48.98,4588740.0,11580778644.0,65.0,PASS,,PASS,TRUE,Standard,10,5,5,4.5,2,1,"Execution impaired: spread $0.60, volume 3,857, OI 61,361 | Insider selling spike (-37.0%)",Upper portion of 52-week range,PASS,0,Elevated IV has a visible fundamental/sector catalyst,PASS,0,0-1 meme signals,WEAK,1,Upper portion of 52-week range,PASS,0,Neutral or positive recent news flow,PASS,0,Constructive target upside (30.1%),BAD,2,"Execution impaired: spread $0.60, volume 3,857, OI 61,361",BAD,2,Insider selling spike (-37.0%)
WULF,TERAWULF INC.,NASDAQ,Technology,EDP Services,22.92,20787625.0,11308054959.0,30.0,PASS,,PASS,TRUE,Strong,10,7,3,5.5,0,3,,"Upper portion of 52-week range | Minor/isolated negative news flow | Borderline liquidity: spread $0.12, volume 39,606, OI 53,625",PASS,0,Elevated IV has a visible fundamental/sector catalyst,PASS,0,0-1 meme signals,WEAK,1,Upper portion of 52-week range,WEAK,1,Minor/isolated negative news flow,PASS,0,Constructive target upside (32.3%),WEAK,1,"Borderline liquidity: spread $0.12, volume 39,606, OI 53,625",PASS,0,Institutional ownership above 50% (70.0%)
WYFI,"WhiteFiber, Inc.",NASDAQ,Finance,Finance: Consumer Services,29.55,1805681.0,1165763181.0,33.5,PASS,,PASS,TRUE,Watch,10,4,6,4.0,2,2,"Execution impaired: spread $0.50, volume 7,932, OI 15,056 | Institutional ownership below 30% (21.2%)",Mixed/partial catalyst signal in headlines | Hold/modest upside profile (18.3%),WEAK,1,Mixed/partial catalyst signal in headlines,PASS,0,0-1 meme signals,PASS,0,Consolidating/steady chart; no extension or breakdown detected,PASS,0,Neutral or positive recent news flow,WEAK,1,Hold/modest upside profile (18.3%),BAD,2,"Execution impaired: spread $0.50, volume 7,932, OI 15,056",BAD,2,Institutional ownership below 30% (21.2%)
XE,"X-Energy, Inc.",NASDAQ,Industrials,Metal Fabrications,29.0,2874397.0,11193441711.0,38.0,PASS,,ELIMINATED,FALSE,Eliminated,10,2,8,3.0,3,2,"Broke 200-day moving average | Execution impaired: spread $0.60, volume 1,723, OI 19,476 | Institutional ownership below 30% (0.6%)","2 meme signals: low institutional ownership, weak/negative forward EPS | Minor/isolated negative news flow",PASS,0,Elevated IV has a visible fundamental/sector catalyst,WEAK,1,"2 meme signals: low institutional ownership, weak/negative forward EPS",BAD,2,Broke 200-day moving average,WEAK,1,Minor/isolated negative news flow,PASS,0,Constructive target upside (40.7%),BAD,2,"Execution impaired: spread $0.60, volume 1,723, OI 19,476",BAD,2,Institutional ownership below 30% (0.6%)
AMPX,"Amprius Technologies, Inc.",NYSE,Miscellaneous,Industrial Machinery/Components,15.3,7423540.0,2270283535.0,22.0,PASS,,PASS,TRUE,Standard,10,5,5,4.5,2,1,"Execution impaired: spread $0.40, volume 5,422, OI 6,274 | Insider selling spike (-21.6%)",Broke 50-day moving average but not 200-day,PASS,0,Elevated IV has a visible fundamental/sector catalyst,PASS,0,0-1 meme signals,WEAK,1,Broke 50-day moving average but not 200-day,PASS,0,Neutral or positive recent news flow,PASS,0,Constructive target upside (38.0%),BAD,2,"Execution impaired: spread $0.40, volume 5,422, OI 6,274",BAD,2,Insider selling spike (-21.6%)
BKSY,BlackSky Technology Inc.,NYSE,Technology,Radio And Television Broadcasting And Communications Equipment,44.65,2048128.0,1776409075.0,35.5,PASS,,ELIMINATED,FALSE,Eliminated,10,2,8,3.0,3,2,"At/new 52-week high | Sell/negative consensus or target below price (-18.2%) | Execution impaired: spread $1.50, volume 1,756, OI 8,395",Mixed/partial catalyst signal in headlines | Minor/isolated negative news flow,WEAK,1,Mixed/partial catalyst signal in headlines,PASS,0,0-1 meme signals,BAD,2,At/new 52-week high,WEAK,1,Minor/isolated negative news flow,BAD,2,Sell/negative consensus or target below price (-18.2%),BAD,2,"Execution impaired: spread $1.50, volume 1,756, OI 8,395",PASS,0,Institutional ownership above 50% (62.0%)
FIG,"Figma, Inc.",NYSE,Technology,Computer Software: Prepackaged Software,21.59,16884706.0,11999431973.0,36.5,PASS,,PASS,TRUE,Standard,10,5,5,4.5,2,1,Broke 200-day moving average | Institutional ownership below 30% (29.0%),"Borderline liquidity: spread $0.20, volume 15,086, OI 30,458",PASS,0,Elevated IV has a visible fundamental/sector catalyst,PASS,0,0-1 meme signals,BAD,2,Broke 200-day moving average,PASS,0,Neutral or positive recent news flow,PASS,0,Constructive target upside (47.8%),WEAK,1,"Borderline liquidity: spread $0.20, volume 15,086, OI 30,458",BAD,2,Institutional ownership below 30% (29.0%)
INFQ,"Infleqtion, Inc.",NYSE,Technology,EDP Services,14.7,65626226.0,3567519168.0,21.0,PASS,,PASS,TRUE,Standard,10,5,5,4.5,2,1,"Execution impaired: spread $0.50, volume 47,634, OI 46,229 | Institutional ownership below 30% (28.5%)","2 meme signals: low institutional ownership, weak/negative forward EPS",PASS,0,No binary IV-spike cause detected,WEAK,1,"2 meme signals: low institutional ownership, weak/negative forward EPS",PASS,0,Consolidating/steady chart; no extension or breakdown detected,PASS,0,Neutral or positive recent news flow,PASS,0,Constructive target upside (28.4%),BAD,2,"Execution impaired: spread $0.50, volume 47,634, OI 46,229",BAD,2,Institutional ownership below 30% (28.5%)
IONQ,"IonQ, Inc.",NYSE,Technology,EDP Services,58.89,52650276.0,23754899491.0,65.0,PASS,,PASS,TRUE,Standard,10,6,4,5.0,1,2,"Execution impaired: spread $0.35, volume 49,138, OI 54,090","2 meme signals: meme/retail headline language, weak/negative forward EPS | Hold/modest upside profile (9.9%)",PASS,0,Elevated IV has a visible fundamental/sector catalyst,WEAK,1,"2 meme signals: meme/retail headline language, weak/negative forward EPS",PASS,0,Consolidating/steady chart; no extension or breakdown detected,PASS,0,Neutral or positive recent news flow,WEAK,1,Hold/modest upside profile (9.9%),BAD,2,"Execution impaired: spread $0.35, volume 49,138, OI 54,090",PASS,0,Institutional ownership above 50% (55.5%)
JOBY,"Joby Aviation, Inc.",NYSE,Industrials,Aerospace,10.4,36013439.0,10741379944.0,10.25,PASS,,PASS,TRUE,Standard,10,5,5,4.5,1,3,Broke 200-day moving average,Minor/isolated negative news flow | Hold/modest upside profile (8.0%) | Institutional ownership 30-50% (36.7%),PASS,0,Elevated IV has a visible fundamental/sector catalyst,PASS,0,0-1 meme signals,BAD,2,Broke 200-day moving average,WEAK,1,Minor/isolated negative news flow,WEAK,1,Hold/modest upside profile (8.0%),PASS,0,"Clean liquidity: spread $0.06, volume 11,446, OI 23,650",WEAK,1,Institutional ownership 30-50% (36.7%)
KSS,KOHLS Corp,NYSE,Consumer Discretionary,Department/Specialty Retail Stores,12.7,5188392.0,1466026152.0,15.0,PASS,,PASS,TRUE,Standard,10,6,4,5.0,1,2,Broke 200-day moving average,"Hold/modest upside profile (13.1%) | Borderline liquidity: spread $0.13, volume 3,847, OI 9,864",PASS,0,Elevated IV has a visible fundamental/sector catalyst,PASS,0,0-1 meme signals,BAD,2,Broke 200-day moving average,PASS,0,Neutral or positive recent news flow,WEAK,1,Hold/modest upside profile (13.1%),WEAK,1,"Borderline liquidity: spread $0.13, volume 3,847, OI 9,864",PASS,0,Institutional ownership above 50% (109.4%)
NOK,NOKIA CORP,NYSE,Technology,Radio And Television Broadcasting And Communications Equipment,14.18,127727733.0,88832448097.0,12.85,PASS,,PASS,TRUE,Watch,10,4,6,4.0,3,0,At/new 52-week high | Sell/negative consensus or target below price (-24.9%) | Institutional ownership below 30% (16.3%),,PASS,0,Elevated IV has a visible fundamental/sector catalyst,PASS,0,0-1 meme signals,BAD,2,At/new 52-week high,PASS,0,Neutral or positive recent news flow,BAD,2,Sell/negative consensus or target below price (-24.9%),PASS,0,"Clean liquidity: spread $0.04, volume 150,035, OI 160,676",BAD,2,Institutional ownership below 30% (16.3%)
OKLO,Oklo Inc.,NYSE,Utilities,Electric Utilities: Central,65.09,11410682.0,11462526224.0,85.0,PASS,,PASS,TRUE,Watch,10,4,6,4.0,2,2,"Broke 200-day moving average | Execution impaired: spread $0.38, volume 39,757, OI 51,312","Mixed/partial catalyst signal in headlines | 2 meme signals: meme/retail headline language, weak/negative forward EPS",WEAK,1,Mixed/partial catalyst signal in headlines,WEAK,1,"2 meme signals: meme/retail headline language, weak/negative forward EPS",BAD,2,Broke 200-day moving average,PASS,0,Neutral or positive recent news flow,PASS,0,Constructive target upside (34.1%),BAD,2,"Execution impaired: spread $0.38, volume 39,757, OI 51,312",PASS,0,Institutional ownership above 50% (53.1%)
PATH,"UiPath, Inc.",NYSE,Technology,Computer Software: Prepackaged Software,10.57,39347027.0,5688446329.0,13.0,PASS,,PASS,TRUE,Strong,10,7,3,5.5,1,1,Broke 200-day moving average,Mixed/partial catalyst signal in headlines,WEAK,1,Mixed/partial catalyst signal in headlines,PASS,0,0-1 meme signals,BAD,2,Broke 200-day moving average,PASS,0,Neutral or positive recent news flow,PASS,0,Constructive target upside (25.1%),PASS,0,"Clean liquidity: spread $0.03, volume 23,032, OI 49,139",PASS,0,Institutional ownership above 50% (60.8%)
PL,Planet Labs PBC,NYSE,Technology,Radio And Television Broadcasting And Communications Equipment,42.48,9811856.0,15351709347.0,35.0,PASS,,PASS,TRUE,Standard,10,6,4,5.0,1,2,Sell/negative consensus or target below price (-20.3%),"Upper portion of 52-week range | Borderline liquidity: spread $0.25, volume 7,913, OI 15,976",PASS,0,No binary IV-spike cause detected,PASS,0,0-1 meme signals,WEAK,1,Upper portion of 52-week range,PASS,0,Neutral or positive recent news flow,BAD,2,Sell/negative consensus or target below price (-20.3%),WEAK,1,"Borderline liquidity: spread $0.25, volume 7,913, OI 15,976",PASS,0,Institutional ownership above 50% (59.7%)
PUMP,ProPetro Holding Corp.,NYSE,Energy,Oilfield Services/Equipment,17.44,7855530.0,2078357743.0,20.0,PASS,,PASS,TRUE,Standard,10,5,5,4.5,1,3,Insider selling spike (-39.1%),"Upper portion of 52-week range | Hold/modest upside profile (8.3%) | Borderline liquidity: spread $0.20, volume 14,243, OI 42,459",PASS,0,Elevated IV has a visible fundamental/sector catalyst,PASS,0,0-1 meme signals,WEAK,1,Upper portion of 52-week range,PASS,0,Neutral or positive recent news flow,WEAK,1,Hold/modest upside profile (8.3%),WEAK,1,"Borderline liquidity: spread $0.20, volume 14,243, OI 42,459",BAD,2,Insider selling spike (-39.1%)
QBTS,D-Wave Quantum Inc.,NYSE,Technology,EDP Services,25.74,141703219.0,10782085469.0,37.0,PASS,,PASS,TRUE,Strong,10,8,2,6.0,0,2,,"Borderline liquidity: spread $0.22, volume 99,918, OI 50,894 | Institutional ownership 30-50% (47.6%)",PASS,0,No binary IV-spike cause detected,PASS,0,0-1 meme signals,PASS,0,Consolidating/steady chart; no extension or breakdown detected,PASS,0,Neutral or positive recent news flow,PASS,0,Constructive target upside (23.7%),WEAK,1,"Borderline liquidity: spread $0.22, volume 99,918, OI 50,894",WEAK,1,Institutional ownership 30-50% (47.6%)
RBRK,"Rubrik, Inc.",NYSE,Technology,Computer Software: Prepackaged Software,64.79,2430289.0,13704876979.0,84.0,PASS,,PASS,TRUE,Standard,10,5,5,4.5,2,1,"Broke 200-day moving average | Execution impaired: spread $0.45, volume 2,436, OI 4,660",Minor/isolated negative news flow,PASS,0,Elevated IV has a visible fundamental/sector catalyst,PASS,0,0-1 meme signals,BAD,2,Broke 200-day moving average,WEAK,1,Minor/isolated negative news flow,PASS,0,Constructive target upside (25.1%),BAD,2,"Execution impaired: spread $0.45, volume 2,436, OI 4,660",PASS,0,Institutional ownership above 50% (57.5%)
RDW,Redwire Corp,NYSE,Industrials,Military/Government/Technical,15.35,55447735.0,3479088553.0,15.0,PASS,,ELIMINATED,FALSE,Eliminated,10,1,9,2.5,3,3,"Sell/negative consensus or target below price (-17.4%) | Execution impaired: spread $0.60, volume 21,952, OI 31,657 | Insider selling spike (-89.9%)","2 meme signals: meme/retail headline language, weak/negative forward EPS | Upper portion of 52-week range | Minor/isolated negative news flow",PASS,0,Elevated IV has a visible fundamental/sector catalyst,WEAK,1,"2 meme signals: meme/retail headline language, weak/negative forward EPS",WEAK,1,Upper portion of 52-week range,WEAK,1,Minor/isolated negative news flow,BAD,2,Sell/negative consensus or target below price (-17.4%),BAD,2,"Execution impaired: spread $0.60, volume 21,952, OI 31,657",BAD,2,Insider selling spike (-89.9%)
SMR,NUSCALE POWER Corp,NYSE,Industrials,Metal Fabrications,11.33,30207996.0,4166485178.0,19.0,PASS,,PASS,TRUE,Standard,10,5,5,4.5,2,1,Broke 200-day moving average | Insider selling spike (-89.9%),"Borderline liquidity: spread $0.23, volume 15,619, OI 32,974",PASS,0,Elevated IV has a visible fundamental/sector catalyst,PASS,0,0-1 meme signals,BAD,2,Broke 200-day moving average,PASS,0,Neutral or positive recent news flow,PASS,0,Constructive target upside (39.9%),WEAK,1,"Borderline liquidity: spread $0.23, volume 15,619, OI 32,974",BAD,2,Insider selling spike (-89.9%)
SOC,Sable Offshore Corp.,NYSE,Energy,Oil & Gas Production,14.57,2110112.0,2275309293.0,24.0,PASS,,PASS,TRUE,Strong,10,7,3,5.5,1,1,"Execution impaired: spread $0.32, volume 1,236, OI 7,042",Broke 50-day moving average but not 200-day,PASS,0,No binary IV-spike cause detected,PASS,0,0-1 meme signals,WEAK,1,Broke 50-day moving average but not 200-day,PASS,0,Neutral or positive recent news flow,PASS,0,Constructive target upside (69.6%),BAD,2,"Execution impaired: spread $0.32, volume 1,236, OI 7,042",PASS,0,Institutional ownership above 50% (91.9%)
UEC,URANIUM ENERGY CORP,NYSE,Basic Materials,Other Metals and Minerals,13.1,7927987.0,6382674595.0,19.0,PASS,,PASS,TRUE,Strong,10,7,3,5.5,1,1,Broke 200-day moving average,"Borderline liquidity: spread $0.18, volume 5,598, OI 12,047",PASS,0,No binary IV-spike cause detected,PASS,0,0-1 meme signals,BAD,2,Broke 200-day moving average,PASS,0,Neutral or positive recent news flow,PASS,0,Constructive target upside (51.0%),WEAK,1,"Borderline liquidity: spread $0.18, volume 5,598, OI 12,047",PASS,0,Institutional ownership above 50% (81.5%)
UUUU,ENERGY FUELS INC,NYSE,Industrials,Mining & Quarrying of Nonmetallic Minerals (No Fuels),17.86,8921241.0,4507600680.0,28.0,PASS,,PASS,TRUE,Diamond,10,9,1,6.5,0,1,,Broke 50-day moving average but not 200-day,PASS,0,Elevated IV has a visible fundamental/sector catalyst,PASS,0,0-1 meme signals,WEAK,1,Broke 50-day moving average but not 200-day,PASS,0,Neutral or positive recent news flow,PASS,0,Constructive target upside (54.6%),PASS,0,"Clean liquidity: spread $0.06, volume 8,712, OI 19,745",PASS,0,Institutional ownership above 50% (68.2%)
VG,"Venture Global, Inc.",NYSE,Utilities,Oil/Gas Transmission,13.56,11202258.0,34358671555.0,16.0,PASS,,PASS,TRUE,Standard,10,6,4,5.0,1,2,Institutional ownership below 30% (18.5%),"Hold/modest upside profile (12.3%) | Borderline liquidity: spread $0.15, volume 6,078, OI 18,232",PASS,0,Elevated IV has a visible fundamental/sector catalyst,PASS,0,0-1 meme signals,PASS,0,Consolidating/steady chart; no extension or breakdown detected,PASS,0,Neutral or positive recent news flow,WEAK,1,Hold/modest upside profile (12.3%),WEAK,1,"Borderline liquidity: spread $0.15, volume 6,078, OI 18,232",BAD,2,Institutional ownership below 30% (18.5%)
VOYG,"Voyager Technologies, Inc./DE",NYSE,Industrials,Military/Government/Technical,40.1,3050940.0,2645462242.0,39.0,PASS,,PASS,TRUE,Watch,10,4,6,4.0,2,2,"Sell/negative consensus or target below price (-14.2%) | Execution impaired: spread $1.50, volume 5,322, OI 8,379",Mixed/partial catalyst signal in headlines | Minor/isolated negative news flow,WEAK,1,Mixed/partial catalyst signal in headlines,PASS,0,0-1 meme signals,PASS,0,Consolidating/steady chart; no extension or breakdown detected,WEAK,1,Minor/isolated negative news flow,BAD,2,Sell/negative consensus or target below price (-14.2%),BAD,2,"Execution impaired: spread $1.50, volume 5,322, OI 8,379",PASS,0,Institutional ownership above 50% (59.8%)
VSCO,Victoria's Secret & Co.,NYSE,Consumer Discretionary,Clothing/Shoe/Accessory Stores,50.55,2012077.0,4165876287.0,67.0,PASS,,PASS,TRUE,Standard,10,6,4,5.0,1,2,"Execution impaired: spread $0.70, volume 2,397, OI 14,070",Upper portion of 52-week range | Minor/isolated negative news flow,PASS,0,Elevated IV has a visible fundamental/sector catalyst,PASS,0,0-1 meme signals,WEAK,1,Upper portion of 52-week range,WEAK,1,Minor/isolated negative news flow,PASS,0,Constructive target upside (25.4%),BAD,2,"Execution impaired: spread $0.70, volume 2,397, OI 14,070",PASS,0,Institutional ownership above 50% (92.6%)
VSH,VISHAY INTERTECHNOLOGY INC,NYSE,Technology,Electrical Products,42.17,9104406.0,6431000326.0,28.0,PASS,,PASS,TRUE,Watch,10,4,6,4.0,3,0,"At/new 52-week high | Sell/negative consensus or target below price (-28.0%) | Execution impaired: spread $0.50, volume 5,735, OI 9,789",,PASS,0,Elevated IV has a visible fundamental/sector catalyst,PASS,0,0-1 meme signals,BAD,2,At/new 52-week high,PASS,0,Neutral or positive recent news flow,BAD,2,Sell/negative consensus or target below price (-28.0%),BAD,2,"Execution impaired: spread $0.50, volume 5,735, OI 9,789",PASS,0,Institutional ownership above 50% (98.5%)
WOLF,"WOLFSPEED, INC.",NYSE,Technology,Semiconductors,69.5,10944558.0,3378418371.0,40.0,PASS,,PASS,TRUE,Standard,10,5,5,4.5,2,1,"Sell/negative consensus or target below price (-42.8%) | Execution impaired: spread $3.10, volume 5,391, OI 16,499","2 meme signals: meme/retail headline language, weak/negative forward EPS",PASS,0,Elevated IV has a visible fundamental/sector catalyst,WEAK,1,"2 meme signals: meme/retail headline language, weak/negative forward EPS",PASS,0,Consolidating/steady chart; no extension or breakdown detected,PASS,0,Neutral or positive recent news flow,BAD,2,Sell/negative consensus or target below price (-42.8%),BAD,2,"Execution impaired: spread $3.10, volume 5,391, OI 16,499",PASS,0,Institutional ownership above 50% (92.4%)
YSS,York Space Systems Inc.,NYSE,Industrials,Military/Government/Technical,28.45,1380196.0,3765030116.0,35.5,PASS,,PASS,TRUE,Watch,10,4,6,4.0,1,4,"Execution impaired: spread $0.70, volume 1,722, OI 7,749",Broke 50-day moving average but not 200-day | Minor/isolated negative news flow | Hold/modest upside profile (19.4%) | Institutional ownership 30-50% (39.2%),PASS,0,No binary IV-spike cause detected,PASS,0,0-1 meme signals,WEAK,1,Broke 50-day moving average but not 200-day,WEAK,1,Minor/isolated negative news flow,WEAK,1,Hold/modest upside profile (19.4%),BAD,2,"Execution impaired: spread $0.70, volume 1,722, OI 7,749",WEAK,1,Institutional ownership 30-50% (39.2%)
