symbol,name,master_exchange,sector,industry,price_proxy,previous_close,share_volume,market_cap,one_yr_target,url,json_path
AAL,American Airlines Group Inc.,NASDAQ,Consumer Discretionary,Air Freight/Delivery Services,13.59,13.59,99284855.0,9160184147.0,15.0,https://api.nasdaq.com/api/quote/AAL/summary?assetclass=stocks,/home/hermes/market-funnel/nasdaq_summary_archive/20260523T034226Z/symbols/AAL/nasdaq_summary.json
ACAD,ACADIA PHARMACEUTICALS INC,NASDAQ,Health Care,Biotechnology: Pharmaceutical Preparations,21.32,21.32,1377022.0,3613076857.0,32.0,https://api.nasdaq.com/api/quote/ACAD/summary?assetclass=stocks,/home/hermes/market-funnel/nasdaq_summary_archive/20260523T034226Z/symbols/ACAD/nasdaq_summary.json
ACHC,"Acadia Healthcare Company, Inc.",NASDAQ,Health Care,Medical Specialities,23.02,23.02,2551889.0,2131795686.0,30.0,https://api.nasdaq.com/api/quote/ACHC/summary?assetclass=stocks,/home/hermes/market-funnel/nasdaq_summary_archive/20260523T034226Z/symbols/ACHC/nasdaq_summary.json
ACMR,"ACM Research, Inc.",NASDAQ,Technology,Industrial Machinery/Components,71.59,71.59,1832728.0,4857594361.0,70.0,https://api.nasdaq.com/api/quote/ACMR/summary?assetclass=stocks,/home/hermes/market-funnel/nasdaq_summary_archive/20260523T034226Z/symbols/ACMR/nasdaq_summary.json
ADEA,Adeia Inc.,NASDAQ,Technology,Computer Software: Prepackaged Software,26.36,26.36,1179220.0,2962490098.0,37.5,https://api.nasdaq.com/api/quote/ADEA/summary?assetclass=stocks,/home/hermes/market-funnel/nasdaq_summary_archive/20260523T034226Z/symbols/ADEA/nasdaq_summary.json
ADPT,Adaptive Biotechnologies Corp,NASDAQ,Health Care,Biotechnology: Biological Products (No Diagnostic Substances),13.87,13.87,1235047.0,2221416161.0,20.0,https://api.nasdaq.com/api/quote/ADPT/summary?assetclass=stocks,/home/hermes/market-funnel/nasdaq_summary_archive/20260523T034226Z/symbols/ADPT/nasdaq_summary.json
ADTN,"ADTRAN Holdings, Inc.",NASDAQ,Utilities,Telecommunications Equipment,14.83,14.83,2910537.0,1269240227.0,19.0,https://api.nasdaq.com/api/quote/ADTN/summary?assetclass=stocks,/home/hermes/market-funnel/nasdaq_summary_archive/20260523T034226Z/symbols/ADTN/nasdaq_summary.json
AEVA,"Aeva Technologies, Inc.",NASDAQ,Consumer Discretionary,Auto Parts:O.E.M.,21.49,21.49,3887434.0,1596193588.0,24.0,https://api.nasdaq.com/api/quote/AEVA/summary?assetclass=stocks,/home/hermes/market-funnel/nasdaq_summary_archive/20260523T034226Z/symbols/AEVA/nasdaq_summary.json
AFRM,"Affirm Holdings, Inc.",NASDAQ,Finance,Finance: Consumer Services,67.18,67.18,5549360.0,21842084409.0,85.0,https://api.nasdaq.com/api/quote/AFRM/summary?assetclass=stocks,/home/hermes/market-funnel/nasdaq_summary_archive/20260523T034226Z/symbols/AFRM/nasdaq_summary.json
AGNC,AGNC Investment Corp.,NASDAQ,Real Estate,Real Estate Investment Trusts,10.26,10.26,11691266.0,11720357867.0,11.0,https://api.nasdaq.com/api/quote/AGNC/summary?assetclass=stocks,/home/hermes/market-funnel/nasdaq_summary_archive/20260523T034226Z/symbols/AGNC/nasdaq_summary.json
AIP,"Arteris, Inc.",NASDAQ,Technology,Semiconductors,35.9,35.9,1173775.0,1675119507.0,38.0,https://api.nasdaq.com/api/quote/AIP/summary?assetclass=stocks,/home/hermes/market-funnel/nasdaq_summary_archive/20260523T034226Z/symbols/AIP/nasdaq_summary.json
ALGM,"ALLEGRO MICROSYSTEMS, INC.",NASDAQ,Technology,Semiconductors,44.7,44.7,1944065.0,8514115477.0,54.5,https://api.nasdaq.com/api/quote/ALGM/summary?assetclass=stocks,/home/hermes/market-funnel/nasdaq_summary_archive/20260523T034226Z/symbols/ALGM/nasdaq_summary.json
ALHC,"Alignment Healthcare, Inc.",NASDAQ,Health Care,Medical Specialities,16.37,16.37,2803657.0,3380098006.0,25.0,https://api.nasdaq.com/api/quote/ALHC/summary?assetclass=stocks,/home/hermes/market-funnel/nasdaq_summary_archive/20260523T034226Z/symbols/ALHC/nasdaq_summary.json
ALM,Almonty Industries Inc.,NASDAQ,Basic Materials,Other Metals and Minerals,18.79,18.79,2871988.0,5294622902.0,23.0,https://api.nasdaq.com/api/quote/ALM/summary?assetclass=stocks,/home/hermes/market-funnel/nasdaq_summary_archive/20260523T034226Z/symbols/ALM/nasdaq_summary.json
AMKR,"AMKOR TECHNOLOGY, INC.",NASDAQ,Technology,Semiconductors,65.9,65.9,5895258.0,16297618059.0,70.0,https://api.nasdaq.com/api/quote/AMKR/summary?assetclass=stocks,/home/hermes/market-funnel/nasdaq_summary_archive/20260523T034226Z/symbols/AMKR/nasdaq_summary.json
APA,APA Corp,NASDAQ,Energy,Oil & Gas Production,38.34,38.34,3883331.0,13714644808.0,41.0,https://api.nasdaq.com/api/quote/APA/summary?assetclass=stocks,/home/hermes/market-funnel/nasdaq_summary_archive/20260523T034226Z/symbols/APA/nasdaq_summary.json
APLD,Applied Digital Corp.,NASDAQ,Finance,Finance: Consumer Services,48.02,48.02,22215241.0,13108248754.0,46.0,https://api.nasdaq.com/api/quote/APLD/summary?assetclass=stocks,/home/hermes/market-funnel/nasdaq_summary_archive/20260523T034226Z/symbols/APLD/nasdaq_summary.json
ARCC,ARES CAPITAL CORP,NASDAQ,Finance,Finance: Consumer Services,18.74,18.74,4525064.0,13348044689.0,21.0,https://api.nasdaq.com/api/quote/ARCC/summary?assetclass=stocks,/home/hermes/market-funnel/nasdaq_summary_archive/20260523T034226Z/symbols/ARCC/nasdaq_summary.json
ARQT,"Arcutis Biotherapeutics, Inc.",NASDAQ,Health Care,Biotechnology: Pharmaceutical Preparations,21.01,21.01,1163067.0,2609239182.0,35.0,https://api.nasdaq.com/api/quote/ARQT/summary?assetclass=stocks,/home/hermes/market-funnel/nasdaq_summary_archive/20260523T034226Z/symbols/ARQT/nasdaq_summary.json
ASO,"Academy Sports & Outdoors, Inc.",NASDAQ,Consumer Discretionary,Other Specialty Stores,51.03,51.03,1069993.0,3387967198.0,62.5,https://api.nasdaq.com/api/quote/ASO/summary?assetclass=stocks,/home/hermes/market-funnel/nasdaq_summary_archive/20260523T034226Z/symbols/ASO/nasdaq_summary.json
ASST,"Strive, Inc.",NASDAQ,Technology,Computer Software: Prepackaged Software,18.53,18.53,7804389.0,1330834711.0,26.0,https://api.nasdaq.com/api/quote/ASST/summary?assetclass=stocks,/home/hermes/market-funnel/nasdaq_summary_archive/20260523T034226Z/symbols/ASST/nasdaq_summary.json
ATAT,Atour Lifestyle Holdings Ltd,NASDAQ,Consumer Discretionary,Hotels/Resorts,35.79,35.79,2317668.0,4603701753.0,50.0,https://api.nasdaq.com/api/quote/ATAT/summary?assetclass=stocks,/home/hermes/market-funnel/nasdaq_summary_archive/20260523T034226Z/symbols/ATAT/nasdaq_summary.json
BBIO,"BridgeBio Pharma, Inc.",NASDAQ,Health Care,Biotechnology: Pharmaceutical Preparations,70.28,70.28,1826522.0,13527316362.0,100.5,https://api.nasdaq.com/api/quote/BBIO/summary?assetclass=stocks,/home/hermes/market-funnel/nasdaq_summary_archive/20260523T034226Z/symbols/BBIO/nasdaq_summary.json
BEAM,Beam Therapeutics Inc.,NASDAQ,Health Care,Biotechnology: Biological Products (No Diagnostic Substances),27.67,27.67,1327563.0,2946460689.0,46.0,https://api.nasdaq.com/api/quote/BEAM/summary?assetclass=stocks,/home/hermes/market-funnel/nasdaq_summary_archive/20260523T034226Z/symbols/BEAM/nasdaq_summary.json
BGC,"BGC Group, Inc.",NASDAQ,Finance,Investment Bankers/Brokers/Service,11.13,11.13,2369800.0,5360643768.0,15.5,https://api.nasdaq.com/api/quote/BGC/summary?assetclass=stocks,/home/hermes/market-funnel/nasdaq_summary_archive/20260523T034226Z/symbols/BGC/nasdaq_summary.json
BILI,Bilibili Inc.,NASDAQ,Technology,EDP Services,17.58,17.58,4715177.0,7178425438.0,30.0,https://api.nasdaq.com/api/quote/BILI/summary?assetclass=stocks,/home/hermes/market-funnel/nasdaq_summary_archive/20260523T034226Z/symbols/BILI/nasdaq_summary.json
BKR,Baker Hughes Co,NASDAQ,Consumer Discretionary,Oil and Gas Field Machinery,65.8,65.8,8384060.0,65536058124.0,74.0,https://api.nasdaq.com/api/quote/BKR/summary?assetclass=stocks,/home/hermes/market-funnel/nasdaq_summary_archive/20260523T034226Z/symbols/BKR/nasdaq_summary.json
BMRN,BIOMARIN PHARMACEUTICAL INC,NASDAQ,Health Care,Biotechnology: Pharmaceutical Preparations,54.1,54.1,2438397.0,10454755251.0,85.5,https://api.nasdaq.com/api/quote/BMRN/summary?assetclass=stocks,/home/hermes/market-funnel/nasdaq_summary_archive/20260523T034226Z/symbols/BMRN/nasdaq_summary.json
BRKR,BRUKER CORP,NASDAQ,Industrials,Biotechnology: Laboratory Analytical Instruments,44.98,44.98,1506458.0,7081293161.0,50.0,https://api.nasdaq.com/api/quote/BRKR/summary?assetclass=stocks,/home/hermes/market-funnel/nasdaq_summary_archive/20260523T034226Z/symbols/BRKR/nasdaq_summary.json
BRUN,Boost Run Inc.,NASDAQ,Technology,EDP Services,25.52,25.52,1090788.0,1940200992.0,,https://api.nasdaq.com/api/quote/BRUN/summary?assetclass=stocks,/home/hermes/market-funnel/nasdaq_summary_archive/20260523T034226Z/symbols/BRUN/nasdaq_summary.json
BRZE,"Braze, Inc.",NASDAQ,Technology,Computer Software: Prepackaged Software,23.41,23.41,3074675.0,2964170596.0,32.0,https://api.nasdaq.com/api/quote/BRZE/summary?assetclass=stocks,/home/hermes/market-funnel/nasdaq_summary_archive/20260523T034226Z/symbols/BRZE/nasdaq_summary.json
BSY,BENTLEY SYSTEMS INC,NASDAQ,Technology,Computer Software: Prepackaged Software,33.34,33.34,1898342.0,10073897710.0,45.0,https://api.nasdaq.com/api/quote/BSY/summary?assetclass=stocks,/home/hermes/market-funnel/nasdaq_summary_archive/20260523T034226Z/symbols/BSY/nasdaq_summary.json
BTDR,Bitdeer Technologies Group,NASDAQ,Finance,Finance: Consumer Services,14.92,14.92,7944834.0,3564545016.0,20.0,https://api.nasdaq.com/api/quote/BTDR/summary?assetclass=stocks,/home/hermes/market-funnel/nasdaq_summary_archive/20260523T034226Z/symbols/BTDR/nasdaq_summary.json
BTSG,"BrightSpring Health Services, Inc.",NASDAQ,Health Care,Medical/Nursing Services,57.99,57.99,1447542.0,11344226283.0,61.5,https://api.nasdaq.com/api/quote/BTSG/summary?assetclass=stocks,/home/hermes/market-funnel/nasdaq_summary_archive/20260523T034226Z/symbols/BTSG/nasdaq_summary.json
BWIN,"Baldwin Insurance Group, Inc.",NASDAQ,Finance,Specialty Insurers,20.37,20.37,1357332.0,2802879508.0,26.0,https://api.nasdaq.com/api/quote/BWIN/summary?assetclass=stocks,/home/hermes/market-funnel/nasdaq_summary_archive/20260523T034226Z/symbols/BWIN/nasdaq_summary.json
BZ,Kanzhun Ltd,NASDAQ,Technology,"Computer Software: Programming, Data Processing",13.8,13.8,6404352.0,6363578416.0,21.0,https://api.nasdaq.com/api/quote/BZ/summary?assetclass=stocks,/home/hermes/market-funnel/nasdaq_summary_archive/20260523T034226Z/symbols/BZ/nasdaq_summary.json
CAI,"Caris Life Sciences, Inc.",NASDAQ,Health Care,Medical Specialities,15.94,15.94,1809011.0,4395684807.0,28.0,https://api.nasdaq.com/api/quote/CAI/summary?assetclass=stocks,/home/hermes/market-funnel/nasdaq_summary_archive/20260523T034226Z/symbols/CAI/nasdaq_summary.json
CARG,"CarGurus, Inc.",NASDAQ,Technology,EDP Services,27.6,27.6,1397214.0,2546883648.0,38.0,https://api.nasdaq.com/api/quote/CARG/summary?assetclass=stocks,/home/hermes/market-funnel/nasdaq_summary_archive/20260523T034226Z/symbols/CARG/nasdaq_summary.json
CART,Maplebear Inc.,NASDAQ,Consumer Discretionary,Business Services,40.09,40.09,3212778.0,9687928933.0,50.0,https://api.nasdaq.com/api/quote/CART/summary?assetclass=stocks,/home/hermes/market-funnel/nasdaq_summary_archive/20260523T034226Z/symbols/CART/nasdaq_summary.json
CELH,"Celsius Holdings, Inc.",NASDAQ,Consumer Staples,Beverages (Production/Distribution),29.7,29.7,7638723.0,7699887643.0,66.0,https://api.nasdaq.com/api/quote/CELH/summary?assetclass=stocks,/home/hermes/market-funnel/nasdaq_summary_archive/20260523T034226Z/symbols/CELH/nasdaq_summary.json
CENX,CENTURY ALUMINUM CO,NASDAQ,Industrials,Aluminum,60.46,60.46,2037892.0,6438261757.0,77.0,https://api.nasdaq.com/api/quote/CENX/summary?assetclass=stocks,/home/hermes/market-funnel/nasdaq_summary_archive/20260523T034226Z/symbols/CENX/nasdaq_summary.json
CG,Carlyle Group Inc.,NASDAQ,Finance,Investment Managers,45.13,45.13,2306935.0,16353638219.0,63.0,https://api.nasdaq.com/api/quote/CG/summary?assetclass=stocks,/home/hermes/market-funnel/nasdaq_summary_archive/20260523T034226Z/symbols/CG/nasdaq_summary.json
CGNX,COGNEX CORP,NASDAQ,Industrials,Industrial Machinery/Components,64.27,64.27,2040456.0,10998661517.0,75.0,https://api.nasdaq.com/api/quote/CGNX/summary?assetclass=stocks,/home/hermes/market-funnel/nasdaq_summary_archive/20260523T034226Z/symbols/CGNX/nasdaq_summary.json
CHYM,"Chime Financial, Inc.",NASDAQ,Finance,Finance: Consumer Services,18.12,18.12,2887200.0,6782140674.0,30.0,https://api.nasdaq.com/api/quote/CHYM/summary?assetclass=stocks,/home/hermes/market-funnel/nasdaq_summary_archive/20260523T034226Z/symbols/CHYM/nasdaq_summary.json
CIFR,Cipher Digital Inc.,NASDAQ,Finance,Finance: Consumer Services,21.52,21.52,19436524.0,8986810858.0,28.0,https://api.nasdaq.com/api/quote/CIFR/summary?assetclass=stocks,/home/hermes/market-funnel/nasdaq_summary_archive/20260523T034226Z/symbols/CIFR/nasdaq_summary.json
CLBT,Cellebrite DI Ltd.,NASDAQ,Technology,Computer Software: Prepackaged Software,13.17,13.17,1440754.0,3287616788.0,20.5,https://api.nasdaq.com/api/quote/CLBT/summary?assetclass=stocks,/home/hermes/market-funnel/nasdaq_summary_archive/20260523T034226Z/symbols/CLBT/nasdaq_summary.json
CLSK,"CLEANSPARK, INC.",NASDAQ,Finance,Finance: Consumer Services,15.76,15.76,21146824.0,4098039438.0,21.5,https://api.nasdaq.com/api/quote/CLSK/summary?assetclass=stocks,/home/hermes/market-funnel/nasdaq_summary_archive/20260523T034226Z/symbols/CLSK/nasdaq_summary.json
CMCSA,COMCAST CORP,NASDAQ,Telecommunications,Cable & Other Pay Television Services,25.08,25.08,26578102.0,90078170151.0,32.79,https://api.nasdaq.com/api/quote/CMCSA/summary?assetclass=stocks,/home/hermes/market-funnel/nasdaq_summary_archive/20260523T034226Z/symbols/CMCSA/nasdaq_summary.json
CMPS,COMPASS Pathways plc,NASDAQ,Health Care,Biotechnology: Pharmaceutical Preparations,11.59,11.59,3871019.0,1593751469.0,18.0,https://api.nasdaq.com/api/quote/CMPS/summary?assetclass=stocks,/home/hermes/market-funnel/nasdaq_summary_archive/20260523T034226Z/symbols/CMPS/nasdaq_summary.json
COGT,"Cogent Biosciences, Inc.",NASDAQ,Health Care,Biotechnology: Pharmaceutical Preparations,32.58,32.58,1966942.0,5582257691.0,55.0,https://api.nasdaq.com/api/quote/COGT/summary?assetclass=stocks,/home/hermes/market-funnel/nasdaq_summary_archive/20260523T034226Z/symbols/COGT/nasdaq_summary.json
COLB,"COLUMBIA BANKING SYSTEM, INC.",NASDAQ,Finance,Major Banks,29.62,29.62,1438202.0,8606548581.0,32.0,https://api.nasdaq.com/api/quote/COLB/summary?assetclass=stocks,/home/hermes/market-funnel/nasdaq_summary_archive/20260523T034226Z/symbols/COLB/nasdaq_summary.json
COO,"COOPER COMPANIES, INC.",NASDAQ,Health Care,Ophthalmic Goods,62.85,62.85,1536859.0,12204405595.0,95.0,https://api.nasdaq.com/api/quote/COO/summary?assetclass=stocks,/home/hermes/market-funnel/nasdaq_summary_archive/20260523T034226Z/symbols/COO/nasdaq_summary.json
CORZ,"Core Scientific, Inc./tx",NASDAQ,Finance,Finance: Consumer Services,24.82,24.82,11584770.0,8029782476.0,28.5,https://api.nasdaq.com/api/quote/CORZ/summary?assetclass=stocks,/home/hermes/market-funnel/nasdaq_summary_archive/20260523T034226Z/symbols/CORZ/nasdaq_summary.json
CPB,CAMPBELL'S Co,NASDAQ,Consumer Staples,Packaged Foods,20.05,20.05,6885310.0,6135854723.0,21.0,https://api.nasdaq.com/api/quote/CPB/summary?assetclass=stocks,/home/hermes/market-funnel/nasdaq_summary_archive/20260523T034226Z/symbols/CPB/nasdaq_summary.json
CPRT,COPART INC,NASDAQ,Consumer Discretionary,Retail-Auto Dealers and Gas Stations,34.4,34.4,15033354.0,32550190431.0,47.0,https://api.nasdaq.com/api/quote/CPRT/summary?assetclass=stocks,/home/hermes/market-funnel/nasdaq_summary_archive/20260523T034226Z/symbols/CPRT/nasdaq_summary.json
CPRX,"CATALYST PHARMACEUTICALS, INC.",NASDAQ,Health Care,Biotechnology: Pharmaceutical Preparations,31.28,31.28,1993318.0,3825629810.0,32.0,https://api.nasdaq.com/api/quote/CPRX/summary?assetclass=stocks,/home/hermes/market-funnel/nasdaq_summary_archive/20260523T034226Z/symbols/CPRX/nasdaq_summary.json
CRML,Critical Metals Corp.,NASDAQ,Basic Materials,Metal Mining,11.14,11.14,10149001.0,1385988853.0,20.0,https://api.nasdaq.com/api/quote/CRML/summary?assetclass=stocks,/home/hermes/market-funnel/nasdaq_summary_archive/20260523T034226Z/symbols/CRML/nasdaq_summary.json
CRSP,CRISPR Therapeutics AG,NASDAQ,Health Care,Biotechnology: Biological Products (No Diagnostic Substances),49.9,49.9,1550761.0,4857161165.0,76.0,https://api.nasdaq.com/api/quote/CRSP/summary?assetclass=stocks,/home/hermes/market-funnel/nasdaq_summary_archive/20260523T034226Z/symbols/CRSP/nasdaq_summary.json
CRVS,"Corvus Pharmaceuticals, Inc.",NASDAQ,Health Care,Biotechnology: Pharmaceutical Preparations,13.08,13.08,1180605.0,1060380247.0,31.5,https://api.nasdaq.com/api/quote/CRVS/summary?assetclass=stocks,/home/hermes/market-funnel/nasdaq_summary_archive/20260523T034226Z/symbols/CRVS/nasdaq_summary.json
CSGP,"COSTAR GROUP, INC.",NASDAQ,Finance,Real Estate,33.93,33.93,4615991.0,13863676524.0,48.0,https://api.nasdaq.com/api/quote/CSGP/summary?assetclass=stocks,/home/hermes/market-funnel/nasdaq_summary_archive/20260523T034226Z/symbols/CSGP/nasdaq_summary.json
CSIQ,Canadian Solar Inc.,NASDAQ,Technology,Semiconductors,18.1,18.1,3248167.0,1280379749.0,15.15,https://api.nasdaq.com/api/quote/CSIQ/summary?assetclass=stocks,/home/hermes/market-funnel/nasdaq_summary_archive/20260523T034226Z/symbols/CSIQ/nasdaq_summary.json
CSX,CSX CORP,NASDAQ,Industrials,Railroads,45.9,45.9,10761693.0,84582480725.0,47.0,https://api.nasdaq.com/api/quote/CSX/summary?assetclass=stocks,/home/hermes/market-funnel/nasdaq_summary_archive/20260523T034226Z/symbols/CSX/nasdaq_summary.json
CTSH,COGNIZANT TECHNOLOGY SOLUTIONS CORP,NASDAQ,Technology,EDP Services,52.32,52.32,9236272.0,24996614490.0,70.0,https://api.nasdaq.com/api/quote/CTSH/summary?assetclass=stocks,/home/hermes/market-funnel/nasdaq_summary_archive/20260523T034226Z/symbols/CTSH/nasdaq_summary.json
CVBF,CVB FINANCIAL CORP,NASDAQ,Finance,Major Banks,20.32,20.32,1497754.0,3590863239.0,23.0,https://api.nasdaq.com/api/quote/CVBF/summary?assetclass=stocks,/home/hermes/market-funnel/nasdaq_summary_archive/20260523T034226Z/symbols/CVBF/nasdaq_summary.json
CZR,"Caesars Entertainment, Inc.",NASDAQ,Consumer Discretionary,Hotels/Resorts,27.9,27.9,3589468.0,5798682197.0,35.0,https://api.nasdaq.com/api/quote/CZR/summary?assetclass=stocks,/home/hermes/market-funnel/nasdaq_summary_archive/20260523T034226Z/symbols/CZR/nasdaq_summary.json
DBX,"DROPBOX, INC.",NASDAQ,Technology,Computer Software: Prepackaged Software,27.25,27.25,2273883.0,6399436802.0,28.0,https://api.nasdaq.com/api/quote/DBX/summary?assetclass=stocks,/home/hermes/market-funnel/nasdaq_summary_archive/20260523T034226Z/symbols/DBX/nasdaq_summary.json
DFTX,"Definium Therapeutics, Inc.",NASDAQ,Health Care,Medicinal Chemicals and Botanical Products,22.65,22.65,1277898.0,2454002618.0,38.0,https://api.nasdaq.com/api/quote/DFTX/summary?assetclass=stocks,/home/hermes/market-funnel/nasdaq_summary_archive/20260523T034226Z/symbols/DFTX/nasdaq_summary.json
DKNG,DraftKings Inc.,NASDAQ,Consumer Discretionary,Services-Misc. Amusement & Recreation,25.4,25.4,9815667.0,12462755883.0,31.5,https://api.nasdaq.com/api/quote/DKNG/summary?assetclass=stocks,/home/hermes/market-funnel/nasdaq_summary_archive/20260523T034226Z/symbols/DKNG/nasdaq_summary.json
DLO,dLocal Ltd,NASDAQ,Consumer Discretionary,Business Services,12.24,12.24,2797295.0,3556879389.0,17.0,https://api.nasdaq.com/api/quote/DLO/summary?assetclass=stocks,/home/hermes/market-funnel/nasdaq_summary_archive/20260523T034226Z/symbols/DLO/nasdaq_summary.json
DNLI,Denali Therapeutics Inc.,NASDAQ,Health Care,Biotechnology: Biological Products (No Diagnostic Substances),19.3,19.3,3557346.0,2958349498.0,37.0,https://api.nasdaq.com/api/quote/DNLI/summary?assetclass=stocks,/home/hermes/market-funnel/nasdaq_summary_archive/20260523T034226Z/symbols/DNLI/nasdaq_summary.json
DOCU,"DOCUSIGN, INC.",NASDAQ,Technology,Computer Software: Prepackaged Software,48.97,48.97,2276995.0,9705197505.0,55.0,https://api.nasdaq.com/api/quote/DOCU/summary?assetclass=stocks,/home/hermes/market-funnel/nasdaq_summary_archive/20260523T034226Z/symbols/DOCU/nasdaq_summary.json
DRH,DiamondRock Hospitality Co,NASDAQ,Real Estate,Real Estate Investment Trusts,10.78,10.78,4106115.0,2190094230.0,11.0,https://api.nasdaq.com/api/quote/DRH/summary?assetclass=stocks,/home/hermes/market-funnel/nasdaq_summary_archive/20260523T034226Z/symbols/DRH/nasdaq_summary.json
DRVN,Driven Brands Holdings Inc.,NASDAQ,Consumer Discretionary,Automotive Aftermarket,13.48,13.48,1231696.0,2271126598.0,17.5,https://api.nasdaq.com/api/quote/DRVN/summary?assetclass=stocks,/home/hermes/market-funnel/nasdaq_summary_archive/20260523T034226Z/symbols/DRVN/nasdaq_summary.json
DXCM,DEXCOM INC,NASDAQ,Health Care,Medical/Dental Instruments,71.9,71.9,6727492.0,27821441642.0,80.0,https://api.nasdaq.com/api/quote/DXCM/summary?assetclass=stocks,/home/hermes/market-funnel/nasdaq_summary_archive/20260523T034226Z/symbols/DXCM/nasdaq_summary.json
DYN,"Dyne Therapeutics, Inc.",NASDAQ,Health Care,Biotechnology: Pharmaceutical Preparations,17.37,17.37,1448086.0,2871500637.0,39.5,https://api.nasdaq.com/api/quote/DYN/summary?assetclass=stocks,/home/hermes/market-funnel/nasdaq_summary_archive/20260523T034226Z/symbols/DYN/nasdaq_summary.json
EBC,"Eastern Bankshares, Inc.",NASDAQ,Finance,Savings Institutions,19.85,19.85,1183011.0,4588190515.0,23.0,https://api.nasdaq.com/api/quote/EBC/summary?assetclass=stocks,/home/hermes/market-funnel/nasdaq_summary_archive/20260523T034226Z/symbols/EBC/nasdaq_summary.json
ENPH,"Enphase Energy, Inc.",NASDAQ,Technology,Semiconductors,62.34,62.34,10996353.0,8439040027.0,37.0,https://api.nasdaq.com/api/quote/ENPH/summary?assetclass=stocks,/home/hermes/market-funnel/nasdaq_summary_archive/20260523T034226Z/symbols/ENPH/nasdaq_summary.json
EQPT,EquipmentShare.com Inc,NASDAQ,Consumer Discretionary,Diversified Commercial Services,19.97,19.97,1854079.0,5231735761.0,40.0,https://api.nasdaq.com/api/quote/EQPT/summary?assetclass=stocks,/home/hermes/market-funnel/nasdaq_summary_archive/20260523T034226Z/symbols/EQPT/nasdaq_summary.json
ERAS,"Erasca, Inc.",NASDAQ,Health Care,Biotechnology: Pharmaceutical Preparations,11.605,11.605,2494082.0,3495466252.0,20.0,https://api.nasdaq.com/api/quote/ERAS/summary?assetclass=stocks,/home/hermes/market-funnel/nasdaq_summary_archive/20260523T034226Z/symbols/ERAS/nasdaq_summary.json
ERIC,ERICSSON LM TELEPHONE CO,NASDAQ,Technology,Radio And Television Broadcasting And Communications Equipment,13.24,13.24,10913122.0,45513248423.0,11.0,https://api.nasdaq.com/api/quote/ERIC/summary?assetclass=stocks,/home/hermes/market-funnel/nasdaq_summary_archive/20260523T034226Z/symbols/ERIC/nasdaq_summary.json
ETOR,eToro Group Ltd.,NASDAQ,Finance,Investment Bankers/Brokers/Service,39.61,39.61,1063243.0,3290317703.0,57.0,https://api.nasdaq.com/api/quote/ETOR/summary?assetclass=stocks,/home/hermes/market-funnel/nasdaq_summary_archive/20260523T034226Z/symbols/ETOR/nasdaq_summary.json
EXC,EXELON CORP,NASDAQ,Utilities,Power Generation,45.35,45.35,9230677.0,47302912405.0,49.5,https://api.nasdaq.com/api/quote/EXC/summary?assetclass=stocks,/home/hermes/market-funnel/nasdaq_summary_archive/20260523T034226Z/symbols/EXC/nasdaq_summary.json
EXEL,"EXELIXIS, INC.",NASDAQ,Health Care,Biotechnology: Biological Products (No Diagnostic Substances),49.65,49.65,1544118.0,12605457412.0,50.0,https://api.nasdaq.com/api/quote/EXEL/summary?assetclass=stocks,/home/hermes/market-funnel/nasdaq_summary_archive/20260523T034226Z/symbols/EXEL/nasdaq_summary.json
EXLS,"ExlService Holdings, Inc.",NASDAQ,Consumer Discretionary,Business Services,29.23,29.23,1631413.0,4508624294.0,41.5,https://api.nasdaq.com/api/quote/EXLS/summary?assetclass=stocks,/home/hermes/market-funnel/nasdaq_summary_archive/20260523T034226Z/symbols/EXLS/nasdaq_summary.json
EXTR,EXTREME NETWORKS INC,NASDAQ,Telecommunications,Computer Communications Equipment,23.9,23.9,2699244.0,3347919053.0,25.5,https://api.nasdaq.com/api/quote/EXTR/summary?assetclass=stocks,/home/hermes/market-funnel/nasdaq_summary_archive/20260523T034226Z/symbols/EXTR/nasdaq_summary.json
EYE,"National Vision Holdings, Inc.",NASDAQ,Health Care,Ophthalmic Goods,16.97,16.97,1475310.0,1372398471.0,30.0,https://api.nasdaq.com/api/quote/EYE/summary?assetclass=stocks,/home/hermes/market-funnel/nasdaq_summary_archive/20260523T034226Z/symbols/EYE/nasdaq_summary.json
FAST,FASTENAL CO,NASDAQ,Consumer Discretionary,RETAIL: Building Materials,43.53,43.53,5583717.0,50444660580.0,46.5,https://api.nasdaq.com/api/quote/FAST/summary?assetclass=stocks,/home/hermes/market-funnel/nasdaq_summary_archive/20260523T034226Z/symbols/FAST/nasdaq_summary.json
FCEL,FUELCELL ENERGY INC,NASDAQ,Energy,Industrial Machinery/Components,26.38,26.38,12077530.0,1324976429.0,7.62,https://api.nasdaq.com/api/quote/FCEL/summary?assetclass=stocks,/home/hermes/market-funnel/nasdaq_summary_archive/20260523T034226Z/symbols/FCEL/nasdaq_summary.json
FER,Ferrovial N.V.,NASDAQ,Industrials,Military/Government/Technical,68.37,68.37,1262276.0,48549009105.0,72.2,https://api.nasdaq.com/api/quote/FER/summary?assetclass=stocks,/home/hermes/market-funnel/nasdaq_summary_archive/20260523T034226Z/symbols/FER/nasdaq_summary.json
FHB,"FIRST HAWAIIAN, INC.",NASDAQ,Finance,Major Banks,27.27,27.27,1356394.0,3327099412.0,28.0,https://api.nasdaq.com/api/quote/FHB/summary?assetclass=stocks,/home/hermes/market-funnel/nasdaq_summary_archive/20260523T034226Z/symbols/FHB/nasdaq_summary.json
FIBK,FIRST INTERSTATE BANCSYSTEM INC,NASDAQ,Finance,Major Banks,35.2,35.2,1251691.0,3447600776.0,36.5,https://api.nasdaq.com/api/quote/FIBK/summary?assetclass=stocks,/home/hermes/market-funnel/nasdaq_summary_archive/20260523T034226Z/symbols/FIBK/nasdaq_summary.json
FIGR,"Figure Technology Solutions, Inc.",NASDAQ,Finance,Finance: Consumer Services,34.38,34.38,2503883.0,7486511274.0,55.0,https://api.nasdaq.com/api/quote/FIGR/summary?assetclass=stocks,/home/hermes/market-funnel/nasdaq_summary_archive/20260523T034226Z/symbols/FIGR/nasdaq_summary.json
FISV,FISERV INC,NASDAQ,Consumer Discretionary,Business Services,55.82,55.82,6466780.0,30464800220.0,64.0,https://api.nasdaq.com/api/quote/FISV/summary?assetclass=stocks,/home/hermes/market-funnel/nasdaq_summary_archive/20260523T034226Z/symbols/FISV/nasdaq_summary.json
FITB,FIFTH THIRD BANCORP,NASDAQ,Finance,Major Banks,49.16,49.16,3609061.0,44844295395.0,57.5,https://api.nasdaq.com/api/quote/FITB/summary?assetclass=stocks,/home/hermes/market-funnel/nasdaq_summary_archive/20260523T034226Z/symbols/FITB/nasdaq_summary.json
FIVN,"Five9, Inc.",NASDAQ,Technology,EDP Services,21.84,21.84,2377847.0,1742596367.0,25.0,https://api.nasdaq.com/api/quote/FIVN/summary?assetclass=stocks,/home/hermes/market-funnel/nasdaq_summary_archive/20260523T034226Z/symbols/FIVN/nasdaq_summary.json
FLNC,"Fluence Energy, Inc.",NASDAQ,Miscellaneous,Industrial Machinery/Components,20.19,20.19,10969377.0,3960183368.0,17.0,https://api.nasdaq.com/api/quote/FLNC/summary?assetclass=stocks,/home/hermes/market-funnel/nasdaq_summary_archive/20260523T034226Z/symbols/FLNC/nasdaq_summary.json
FLY,Firefly Aerospace Inc.,NASDAQ,Industrials,Military/Government/Technical,42.86,42.86,8823162.0,7931643242.0,36.0,https://api.nasdaq.com/api/quote/FLY/summary?assetclass=stocks,/home/hermes/market-funnel/nasdaq_summary_archive/20260523T034226Z/symbols/FLY/nasdaq_summary.json
FLYW,Flywire Corp,NASDAQ,Consumer Discretionary,Business Services,16.16,16.16,1196805.0,1959298307.0,20.0,https://api.nasdaq.com/api/quote/FLYW/summary?assetclass=stocks,/home/hermes/market-funnel/nasdaq_summary_archive/20260523T034226Z/symbols/FLYW/nasdaq_summary.json
FOX,Fox Corp,NASDAQ,Industrials,Broadcasting,57.63,57.63,1212753.0,24051464671.0,71.0,https://api.nasdaq.com/api/quote/FOX/summary?assetclass=stocks,/home/hermes/market-funnel/nasdaq_summary_archive/20260523T034226Z/symbols/FOX/nasdaq_summary.json
FOXA,Fox Corp,NASDAQ,Industrials,Broadcasting,64.26,64.26,1557643.0,26883520434.0,73.0,https://api.nasdaq.com/api/quote/FOXA/summary?assetclass=stocks,/home/hermes/market-funnel/nasdaq_summary_archive/20260523T034226Z/symbols/FOXA/nasdaq_summary.json
FROG,JFrog Ltd,NASDAQ,Technology,Computer Software: Prepackaged Software,71.44,71.44,2236960.0,8961648379.0,80.0,https://api.nasdaq.com/api/quote/FROG/summary?assetclass=stocks,/home/hermes/market-funnel/nasdaq_summary_archive/20260523T034226Z/symbols/FROG/nasdaq_summary.json
FRPT,"Freshpet, Inc.",NASDAQ,Consumer Staples,Packaged Foods,51.3,51.3,1708692.0,2534785160.0,80.0,https://api.nasdaq.com/api/quote/FRPT/summary?assetclass=stocks,/home/hermes/market-funnel/nasdaq_summary_archive/20260523T034226Z/symbols/FRPT/nasdaq_summary.json
FRVO,Fervo Energy Co,NASDAQ,Utilities,Electric Utilities: Central,42.5,42.5,3402580.0,10874615471.0,,https://api.nasdaq.com/api/quote/FRVO/summary?assetclass=stocks,/home/hermes/market-funnel/nasdaq_summary_archive/20260523T034226Z/symbols/FRVO/nasdaq_summary.json
FSLY,"Fastly, Inc.",NASDAQ,Technology,Computer Software: Prepackaged Software,16.4,16.4,5942212.0,2554080000.0,24.0,https://api.nasdaq.com/api/quote/FSLY/summary?assetclass=stocks,/home/hermes/market-funnel/nasdaq_summary_archive/20260523T034226Z/symbols/FSLY/nasdaq_summary.json
FULT,FULTON FINANCIAL CORP,NASDAQ,Finance,Major Banks,21.4,21.4,1032893.0,4097904084.0,23.0,https://api.nasdaq.com/api/quote/FULT/summary?assetclass=stocks,/home/hermes/market-funnel/nasdaq_summary_archive/20260523T034226Z/symbols/FULT/nasdaq_summary.json
GBDC,"GOLUB CAPITAL BDC, Inc.",NASDAQ,Finance,Finance: Consumer Services,12.97,12.97,1015295.0,3357782883.0,14.0,https://api.nasdaq.com/api/quote/GBDC/summary?assetclass=stocks,/home/hermes/market-funnel/nasdaq_summary_archive/20260523T034226Z/symbols/GBDC/nasdaq_summary.json
GDS,GDS Holdings Ltd,NASDAQ,Technology,"Computer Software: Programming, Data Processing",35.16,35.16,3367612.0,7017224007.0,57.5,https://api.nasdaq.com/api/quote/GDS/summary?assetclass=stocks,/home/hermes/market-funnel/nasdaq_summary_archive/20260523T034226Z/symbols/GDS/nasdaq_summary.json
GEHC,GE HealthCare Technologies Inc.,NASDAQ,Health Care,Medical Electronics,64.33,64.33,3182763.0,29217699415.0,80.0,https://api.nasdaq.com/api/quote/GEHC/summary?assetclass=stocks,/home/hermes/market-funnel/nasdaq_summary_archive/20260523T034226Z/symbols/GEHC/nasdaq_summary.json
GEN,Gen Digital Inc.,NASDAQ,Technology,Computer Software: Prepackaged Software,24.85,24.85,5733705.0,15032574871.0,27.5,https://api.nasdaq.com/api/quote/GEN/summary?assetclass=stocks,/home/hermes/market-funnel/nasdaq_summary_archive/20260523T034226Z/symbols/GEN/nasdaq_summary.json
GLNG,GOLAR LNG LTD,NASDAQ,Consumer Discretionary,Marine Transportation,52.31,52.31,1558737.0,5319214072.0,53.5,https://api.nasdaq.com/api/quote/GLNG/summary?assetclass=stocks,/home/hermes/market-funnel/nasdaq_summary_archive/20260523T034226Z/symbols/GLNG/nasdaq_summary.json
GLPI,"Gaming & Leisure Properties, Inc.",NASDAQ,Real Estate,Real Estate Investment Trusts,47.5,47.5,1318308.0,13541847066.0,53.0,https://api.nasdaq.com/api/quote/GLPI/summary?assetclass=stocks,/home/hermes/market-funnel/nasdaq_summary_archive/20260523T034226Z/symbols/GLPI/nasdaq_summary.json
GLXY,Galaxy Digital Inc.,NASDAQ,Finance,Investment Bankers/Brokers/Service,29.57,29.57,4068355.0,11190985955.0,42.5,https://api.nasdaq.com/api/quote/GLXY/summary?assetclass=stocks,/home/hermes/market-funnel/nasdaq_summary_archive/20260523T034226Z/symbols/GLXY/nasdaq_summary.json
GMAB,GENMAB A/S,NASDAQ,Health Care,Biotechnology: Pharmaceutical Preparations,27.05,27.05,1205461.0,17260860230.0,38.0,https://api.nasdaq.com/api/quote/GMAB/summary?assetclass=stocks,/home/hermes/market-funnel/nasdaq_summary_archive/20260523T034226Z/symbols/GMAB/nasdaq_summary.json
GNTX,GENTEX CORP,NASDAQ,Consumer Discretionary,Auto Parts:O.E.M.,23.4,23.4,1318766.0,5095489274.0,28.5,https://api.nasdaq.com/api/quote/GNTX/summary?assetclass=stocks,/home/hermes/market-funnel/nasdaq_summary_archive/20260523T034226Z/symbols/GNTX/nasdaq_summary.json
GPRE,Green Plains Inc.,NASDAQ,Industrials,Major Chemicals,15.07,15.07,1382465.0,1083366792.0,15.0,https://api.nasdaq.com/api/quote/GPRE/summary?assetclass=stocks,/home/hermes/market-funnel/nasdaq_summary_archive/20260523T034226Z/symbols/GPRE/nasdaq_summary.json
GTLB,Gitlab Inc.,NASDAQ,Technology,Computer Software: Prepackaged Software,25.62,25.62,3052961.0,4540830012.0,28.0,https://api.nasdaq.com/api/quote/GTLB/summary?assetclass=stocks,/home/hermes/market-funnel/nasdaq_summary_archive/20260523T034226Z/symbols/GTLB/nasdaq_summary.json
GTX,Garrett Motion Inc.,NASDAQ,Consumer Discretionary,Auto Parts:O.E.M.,33.22,33.22,2905042.0,6231505265.0,32.0,https://api.nasdaq.com/api/quote/GTX/summary?assetclass=stocks,/home/hermes/market-funnel/nasdaq_summary_archive/20260523T034226Z/symbols/GTX/nasdaq_summary.json
HALO,"HALOZYME THERAPEUTICS, INC.",NASDAQ,Health Care,Biotechnology: Biological Products (No Diagnostic Substances),68.52,68.52,1197708.0,8103640160.0,89.0,https://api.nasdaq.com/api/quote/HALO/summary?assetclass=stocks,/home/hermes/market-funnel/nasdaq_summary_archive/20260523T034226Z/symbols/HALO/nasdaq_summary.json
HBAN,HUNTINGTON BANCSHARES INC /MD/,NASDAQ,Finance,Major Banks,15.85,15.85,14028041.0,32271918945.0,20.0,https://api.nasdaq.com/api/quote/HBAN/summary?assetclass=stocks,/home/hermes/market-funnel/nasdaq_summary_archive/20260523T034226Z/symbols/HBAN/nasdaq_summary.json
HIMX,"Himax Technologies, Inc.",NASDAQ,Technology,Semiconductors,19.89,19.89,4287841.0,3669921231.0,23.7,https://api.nasdaq.com/api/quote/HIMX/summary?assetclass=stocks,/home/hermes/market-funnel/nasdaq_summary_archive/20260523T034226Z/symbols/HIMX/nasdaq_summary.json
HLIT,HARMONIC INC.,NASDAQ,Technology,Radio And Television Broadcasting And Communications Equipment,12.7,12.7,12974029.0,1649145827.0,15.0,https://api.nasdaq.com/api/quote/HLIT/summary?assetclass=stocks,/home/hermes/market-funnel/nasdaq_summary_archive/20260523T034226Z/symbols/HLIT/nasdaq_summary.json
HSAI,Hesai Group,NASDAQ,Industrials,Industrial Machinery/Components,20.9,20.9,2567443.0,3227358005.0,30.0,https://api.nasdaq.com/api/quote/HSAI/summary?assetclass=stocks,/home/hermes/market-funnel/nasdaq_summary_archive/20260523T034226Z/symbols/HSAI/nasdaq_summary.json
HSIC,HENRY SCHEIN INC,NASDAQ,Health Care,Medical Specialities,73.5,73.5,1023200.0,8453762537.0,88.5,https://api.nasdaq.com/api/quote/HSIC/summary?assetclass=stocks,/home/hermes/market-funnel/nasdaq_summary_archive/20260523T034226Z/symbols/HSIC/nasdaq_summary.json
HST,"HOST HOTELS & RESORTS, INC.",NASDAQ,Real Estate,Real Estate Investment Trusts,22.41,22.41,7644036.0,15327598309.0,23.0,https://api.nasdaq.com/api/quote/HST/summary?assetclass=stocks,/home/hermes/market-funnel/nasdaq_summary_archive/20260523T034226Z/symbols/HST/nasdaq_summary.json
HTHT,H World Group Ltd,NASDAQ,Consumer Discretionary,Hotels/Resorts,46.35,46.35,2666260.0,13773991853.0,60.0,https://api.nasdaq.com/api/quote/HTHT/summary?assetclass=stocks,/home/hermes/market-funnel/nasdaq_summary_archive/20260523T034226Z/symbols/HTHT/nasdaq_summary.json
HYMC,HYCROFT MINING HOLDING CORP,NASDAQ,Basic Materials,Precious Metals,33.29,33.29,1362413.0,2952774624.0,,https://api.nasdaq.com/api/quote/HYMC/summary?assetclass=stocks,/home/hermes/market-funnel/nasdaq_summary_archive/20260523T034226Z/symbols/HYMC/nasdaq_summary.json
ICHR,"ICHOR HOLDINGS, LTD.",NASDAQ,Technology,Semiconductors,65.32,65.32,1111021.0,2404431975.0,77.0,https://api.nasdaq.com/api/quote/ICHR/summary?assetclass=stocks,/home/hermes/market-funnel/nasdaq_summary_archive/20260523T034226Z/symbols/ICHR/nasdaq_summary.json
IMNM,Immunome Inc.,NASDAQ,Health Care,Biotechnology: Pharmaceutical Preparations,22.96,22.96,1027371.0,2453003534.0,35.0,https://api.nasdaq.com/api/quote/IMNM/summary?assetclass=stocks,/home/hermes/market-funnel/nasdaq_summary_archive/20260523T034226Z/symbols/IMNM/nasdaq_summary.json
IMVT,"Immunovant, Inc.",NASDAQ,Health Care,Biotechnology: Biological Products (No Diagnostic Substances),34.13,34.13,1685458.0,7011299516.0,44.0,https://api.nasdaq.com/api/quote/IMVT/summary?assetclass=stocks,/home/hermes/market-funnel/nasdaq_summary_archive/20260523T034226Z/symbols/IMVT/nasdaq_summary.json
INDV,"Indivior Pharmaceuticals, Inc.",NASDAQ,Health Care,Biotechnology: Pharmaceutical Preparations,37.46,37.46,1061774.0,4682611345.0,50.0,https://api.nasdaq.com/api/quote/INDV/summary?assetclass=stocks,/home/hermes/market-funnel/nasdaq_summary_archive/20260523T034226Z/symbols/INDV/nasdaq_summary.json
INVA,"Innoviva, Inc.",NASDAQ,Health Care,Biotechnology: Pharmaceutical Preparations,22.2,22.2,1187365.0,1657744503.0,39.0,https://api.nasdaq.com/api/quote/INVA/summary?assetclass=stocks,/home/hermes/market-funnel/nasdaq_summary_archive/20260523T034226Z/symbols/INVA/nasdaq_summary.json
IRDM,Iridium Communications Inc.,NASDAQ,Telecommunications,Telecommunications Equipment,45.7,45.7,2247350.0,5163743017.0,39.0,https://api.nasdaq.com/api/quote/IRDM/summary?assetclass=stocks,/home/hermes/market-funnel/nasdaq_summary_archive/20260523T034226Z/symbols/IRDM/nasdaq_summary.json
IREN,IREN Ltd,NASDAQ,Technology,EDP Services,58.06,58.06,36374598.0,20309830043.0,80.0,https://api.nasdaq.com/api/quote/IREN/summary?assetclass=stocks,/home/hermes/market-funnel/nasdaq_summary_archive/20260523T034226Z/symbols/IREN/nasdaq_summary.json
JD,"JD.com, Inc.",NASDAQ,Consumer Discretionary,Other Specialty Stores,31.47,31.47,10415422.0,41684848741.0,40.0,https://api.nasdaq.com/api/quote/JD/summary?assetclass=stocks,/home/hermes/market-funnel/nasdaq_summary_archive/20260523T034226Z/symbols/JD/nasdaq_summary.json
KALV,"KalVista Pharmaceuticals, Inc.",NASDAQ,Health Care,Biotechnology: Pharmaceutical Preparations,26.77,26.77,1565743.0,1426323390.0,27.0,https://api.nasdaq.com/api/quote/KALV/summary?assetclass=stocks,/home/hermes/market-funnel/nasdaq_summary_archive/20260523T034226Z/symbols/KALV/nasdaq_summary.json
KC,Kingsoft Cloud Holdings Ltd,NASDAQ,Technology,Computer Software: Prepackaged Software,13.63,13.63,2017496.0,4257036622.0,19.2,https://api.nasdaq.com/api/quote/KC/summary?assetclass=stocks,/home/hermes/market-funnel/nasdaq_summary_archive/20260523T034226Z/symbols/KC/nasdaq_summary.json
KDP,Keurig Dr Pepper Inc.,NASDAQ,Consumer Staples,Beverages (Production/Distribution),28.78,28.78,5933210.0,39619491796.0,33.0,https://api.nasdaq.com/api/quote/KDP/summary?assetclass=stocks,/home/hermes/market-funnel/nasdaq_summary_archive/20260523T034226Z/symbols/KDP/nasdaq_summary.json
KHC,Kraft Heinz Co,NASDAQ,Consumer Staples,Packaged Foods,23.54,23.54,11190489.0,28209650008.0,23.0,https://api.nasdaq.com/api/quote/KHC/summary?assetclass=stocks,/home/hermes/market-funnel/nasdaq_summary_archive/20260523T034226Z/symbols/KHC/nasdaq_summary.json
KTOS,"KRATOS DEFENSE & SECURITY SOLUTIONS, INC.",NASDAQ,Industrials,Military/Government/Technical,54.67,54.67,2949061.0,10534872701.0,110.0,https://api.nasdaq.com/api/quote/KTOS/summary?assetclass=stocks,/home/hermes/market-funnel/nasdaq_summary_archive/20260523T034226Z/symbols/KTOS/nasdaq_summary.json
LBRDK,Liberty Broadband Corp,NASDAQ,Telecommunications,Cable & Other Pay Television Services,34.84,34.84,1167369.0,4871747934.0,130.0,https://api.nasdaq.com/api/quote/LBRDK/summary?assetclass=stocks,/home/hermes/market-funnel/nasdaq_summary_archive/20260523T034226Z/symbols/LBRDK/nasdaq_summary.json
LBTYA,Liberty Global Ltd.,NASDAQ,Telecommunications,Cable & Other Pay Television Services,12.24,12.24,1005298.0,4118015358.0,13.0,https://api.nasdaq.com/api/quote/LBTYA/summary?assetclass=stocks,/home/hermes/market-funnel/nasdaq_summary_archive/20260523T034226Z/symbols/LBTYA/nasdaq_summary.json
LEGN,Legend Biotech Corp,NASDAQ,Health Care,Biotechnology: Pharmaceutical Preparations,27.99,27.99,2049778.0,5432147382.0,60.0,https://api.nasdaq.com/api/quote/LEGN/summary?assetclass=stocks,/home/hermes/market-funnel/nasdaq_summary_archive/20260523T034226Z/symbols/LEGN/nasdaq_summary.json
LI,Li Auto Inc.,NASDAQ,Industrials,Auto Manufacturing,16.2,16.2,6422285.0,16974579943.0,18.9,https://api.nasdaq.com/api/quote/LI/summary?assetclass=stocks,/home/hermes/market-funnel/nasdaq_summary_archive/20260523T034226Z/symbols/LI/nasdaq_summary.json
LINE,"Lineage, Inc.",NASDAQ,Real Estate,Real Estate Investment Trusts,40.05,40.05,1491732.0,9307328041.0,40.5,https://api.nasdaq.com/api/quote/LINE/summary?assetclass=stocks,/home/hermes/market-funnel/nasdaq_summary_archive/20260523T034226Z/symbols/LINE/nasdaq_summary.json
LKQ,LKQ CORP,NASDAQ,Consumer Discretionary,Motor Vehicles,26.88,26.88,2878798.0,6917571170.0,41.0,https://api.nasdaq.com/api/quote/LKQ/summary?assetclass=stocks,/home/hermes/market-funnel/nasdaq_summary_archive/20260523T034226Z/symbols/LKQ/nasdaq_summary.json
LNT,ALLIANT ENERGY CORP,NASDAQ,Utilities,Power Generation,73.28,73.28,1950735.0,19099586886.0,81.0,https://api.nasdaq.com/api/quote/LNT/summary?assetclass=stocks,/home/hermes/market-funnel/nasdaq_summary_archive/20260523T034226Z/symbols/LNT/nasdaq_summary.json
LPTH,LIGHTPATH TECHNOLOGIES INC,NASDAQ,Technology,Semiconductors,14.28,14.28,7850173.0,1064280449.0,15.95,https://api.nasdaq.com/api/quote/LPTH/summary?assetclass=stocks,/home/hermes/market-funnel/nasdaq_summary_archive/20260523T034226Z/symbols/LPTH/nasdaq_summary.json
LUNR,"Intuitive Machines, Inc.",NASDAQ,Industrials,Industrial Machinery/Components,34.24,34.24,14814308.0,8303221509.0,42.0,https://api.nasdaq.com/api/quote/LUNR/summary?assetclass=stocks,/home/hermes/market-funnel/nasdaq_summary_archive/20260523T034226Z/symbols/LUNR/nasdaq_summary.json
LWLG,"Lightwave Logic, Inc.",NASDAQ,Industrials,Containers/Packaging,13.17,13.17,6633844.0,1979923271.0,,https://api.nasdaq.com/api/quote/LWLG/summary?assetclass=stocks,/home/hermes/market-funnel/nasdaq_summary_archive/20260523T034226Z/symbols/LWLG/nasdaq_summary.json
LYFT,"Lyft, Inc.",NASDAQ,Consumer Discretionary,Business Services,13.48,13.48,15630677.0,5277587195.0,18.0,https://api.nasdaq.com/api/quote/LYFT/summary?assetclass=stocks,/home/hermes/market-funnel/nasdaq_summary_archive/20260523T034226Z/symbols/LYFT/nasdaq_summary.json
MARA,"MARA Holdings, Inc.",NASDAQ,Technology,EDP Services,13.55,13.55,40169136.0,5265345646.0,15.5,https://api.nasdaq.com/api/quote/MARA/summary?assetclass=stocks,/home/hermes/market-funnel/nasdaq_summary_archive/20260523T034226Z/symbols/MARA/nasdaq_summary.json
MAT,MATTEL INC /DE/,NASDAQ,Consumer Discretionary,Recreational Games/Products/Toys,14.97,14.97,3966192.0,4385154000.0,18.0,https://api.nasdaq.com/api/quote/MAT/summary?assetclass=stocks,/home/hermes/market-funnel/nasdaq_summary_archive/20260523T034226Z/symbols/MAT/nasdaq_summary.json
MDLN,Medline Inc.,NASDAQ,Health Care,Medical/Dental Instruments,37.1,37.1,43070755.0,48619598950.0,53.0,https://api.nasdaq.com/api/quote/MDLN/summary?assetclass=stocks,/home/hermes/market-funnel/nasdaq_summary_archive/20260523T034226Z/symbols/MDLN/nasdaq_summary.json
MDLZ,"Mondelez International, Inc.",NASDAQ,Consumer Staples,Packaged Foods,61.5,61.5,7050139.0,79278209548.0,68.0,https://api.nasdaq.com/api/quote/MDLZ/summary?assetclass=stocks,/home/hermes/market-funnel/nasdaq_summary_archive/20260523T034226Z/symbols/MDLZ/nasdaq_summary.json
MEOH,METHANEX CORP,NASDAQ,Industrials,Major Chemicals,59.61,59.61,1079036.0,4651139492.0,73.5,https://api.nasdaq.com/api/quote/MEOH/summary?assetclass=stocks,/home/hermes/market-funnel/nasdaq_summary_archive/20260523T034226Z/symbols/MEOH/nasdaq_summary.json
MGNI,"MAGNITE, INC.",NASDAQ,Technology,"Computer Software: Programming, Data Processing",13.19,13.19,1390314.0,1890438040.0,21.5,https://api.nasdaq.com/api/quote/MGNI/summary?assetclass=stocks,/home/hermes/market-funnel/nasdaq_summary_archive/20260523T034226Z/symbols/MGNI/nasdaq_summary.json
MRNA,"Moderna, Inc.",NASDAQ,Health Care,Biotechnology: Biological Products (No Diagnostic Substances),47.26,47.26,4223682.0,18601339822.0,45.0,https://api.nasdaq.com/api/quote/MRNA/summary?assetclass=stocks,/home/hermes/market-funnel/nasdaq_summary_archive/20260523T034226Z/symbols/MRNA/nasdaq_summary.json
MTCH,"Match Group, Inc.",NASDAQ,Technology,"Computer Software: Programming, Data Processing",35.66,35.66,2603483.0,8350941631.0,40.0,https://api.nasdaq.com/api/quote/MTCH/summary?assetclass=stocks,/home/hermes/market-funnel/nasdaq_summary_archive/20260523T034226Z/symbols/MTCH/nasdaq_summary.json
MWH,"SOLV Energy, Inc.",NASDAQ,Industrials,Military/Government/Technical,38.12,38.12,1066280.0,7780084289.0,50.0,https://api.nasdaq.com/api/quote/MWH/summary?assetclass=stocks,/home/hermes/market-funnel/nasdaq_summary_archive/20260523T034226Z/symbols/MWH/nasdaq_summary.json
NAVN,"Navan, Inc.",NASDAQ,Technology,Computer Software: Prepackaged Software,18.55,18.55,4620013.0,5020745072.0,22.0,https://api.nasdaq.com/api/quote/NAVN/summary?assetclass=stocks,/home/hermes/market-funnel/nasdaq_summary_archive/20260523T034226Z/symbols/NAVN/nasdaq_summary.json
NCNO,"nCino, Inc.",NASDAQ,Technology,Computer Software: Prepackaged Software,15.83,15.83,2746967.0,1748329190.0,23.0,https://api.nasdaq.com/api/quote/NCNO/summary?assetclass=stocks,/home/hermes/market-funnel/nasdaq_summary_archive/20260523T034226Z/symbols/NCNO/nasdaq_summary.json
NESR,National Energy Services Reunited Corp.,NASDAQ,Energy,Oilfield Services/Equipment,26.29,26.29,1335294.0,2597825289.0,32.0,https://api.nasdaq.com/api/quote/NESR/summary?assetclass=stocks,/home/hermes/market-funnel/nasdaq_summary_archive/20260523T034226Z/symbols/NESR/nasdaq_summary.json
NMRK,"NEWMARK GROUP, INC.",NASDAQ,Finance,Real Estate,14.53,14.53,1158815.0,2591904668.0,19.0,https://api.nasdaq.com/api/quote/NMRK/summary?assetclass=stocks,/home/hermes/market-funnel/nasdaq_summary_archive/20260523T034226Z/symbols/NMRK/nasdaq_summary.json
NN,NEXTNAV INC.,NASDAQ,Industrials,Industrial Machinery/Components,21.38,21.38,1524525.0,2966139054.0,27.0,https://api.nasdaq.com/api/quote/NN/summary?assetclass=stocks,/home/hermes/market-funnel/nasdaq_summary_archive/20260523T034226Z/symbols/NN/nasdaq_summary.json
NNE,Nano Nuclear Energy Inc.,NASDAQ,Utilities,Electric Utilities: Central,25.08,25.08,2138422.0,1392186449.0,45.5,https://api.nasdaq.com/api/quote/NNE/summary?assetclass=stocks,/home/hermes/market-funnel/nasdaq_summary_archive/20260523T034226Z/symbols/NNE/nasdaq_summary.json
NRIX,"Nurix Therapeutics, Inc.",NASDAQ,Health Care,Biotechnology: Pharmaceutical Preparations,17.53,17.53,1053817.0,1809601728.0,30.0,https://api.nasdaq.com/api/quote/NRIX/summary?assetclass=stocks,/home/hermes/market-funnel/nasdaq_summary_archive/20260523T034226Z/symbols/NRIX/nasdaq_summary.json
NTLA,"Intellia Therapeutics, Inc.",NASDAQ,Health Care,Biotechnology: In Vitro & In Vivo Diagnostic Substances,12.37,12.37,3198935.0,1760500690.0,18.0,https://api.nasdaq.com/api/quote/NTLA/summary?assetclass=stocks,/home/hermes/market-funnel/nasdaq_summary_archive/20260523T034226Z/symbols/NTLA/nasdaq_summary.json
NTNX,"Nutanix, Inc.",NASDAQ,Technology,Computer Software: Prepackaged Software,44.69,44.69,5829565.0,12496794011.0,57.5,https://api.nasdaq.com/api/quote/NTNX/summary?assetclass=stocks,/home/hermes/market-funnel/nasdaq_summary_archive/20260523T034226Z/symbols/NTNX/nasdaq_summary.json
NTSK,Netskope Inc,NASDAQ,Technology,Computer Software: Prepackaged Software,11.57,11.57,3058316.0,4703693119.0,17.0,https://api.nasdaq.com/api/quote/NTSK/summary?assetclass=stocks,/home/hermes/market-funnel/nasdaq_summary_archive/20260523T034226Z/symbols/NTSK/nasdaq_summary.json
NVTS,Navitas Semiconductor Corp,NASDAQ,Technology,Semiconductors,24.38,24.38,51184372.0,6836110106.0,12.5,https://api.nasdaq.com/api/quote/NVTS/summary?assetclass=stocks,/home/hermes/market-funnel/nasdaq_summary_archive/20260523T034226Z/symbols/NVTS/nasdaq_summary.json
NWS,NEWS CORP,NASDAQ,Consumer Discretionary,Newspapers/Magazines,30.08,30.08,1022361.0,16248219837.0,37.5,https://api.nasdaq.com/api/quote/NWS/summary?assetclass=stocks,/home/hermes/market-funnel/nasdaq_summary_archive/20260523T034226Z/symbols/NWS/nasdaq_summary.json
NWSA,NEWS CORP,NASDAQ,Consumer Discretionary,Newspapers/Magazines,26.26,26.26,3844101.0,14173396616.0,36.5,https://api.nasdaq.com/api/quote/NWSA/summary?assetclass=stocks,/home/hermes/market-funnel/nasdaq_summary_archive/20260523T034226Z/symbols/NWSA/nasdaq_summary.json
OLMA,"Olema Pharmaceuticals, Inc.",NASDAQ,Health Care,Biotechnology: Pharmaceutical Preparations,14.06,14.06,1067401.0,1194913403.0,40.0,https://api.nasdaq.com/api/quote/OLMA/summary?assetclass=stocks,/home/hermes/market-funnel/nasdaq_summary_archive/20260523T034226Z/symbols/OLMA/nasdaq_summary.json
ONB,OLD NATIONAL BANCORP /IN/,NASDAQ,Finance,Major Banks,23.82,23.82,2153161.0,9249769620.0,28.0,https://api.nasdaq.com/api/quote/ONB/summary?assetclass=stocks,/home/hermes/market-funnel/nasdaq_summary_archive/20260523T034226Z/symbols/ONB/nasdaq_summary.json
OPCH,"Option Care Health, Inc.",NASDAQ,Health Care,Medical/Nursing Services,21.52,21.52,2480205.0,3286585659.0,30.0,https://api.nasdaq.com/api/quote/OPCH/summary?assetclass=stocks,/home/hermes/market-funnel/nasdaq_summary_archive/20260523T034226Z/symbols/OPCH/nasdaq_summary.json
ORKA,"Oruka Therapeutics, Inc.",NASDAQ,Health Care,Biotechnology: In Vitro & In Vivo Diagnostic Substances,58.69,58.69,1101906.0,3655516442.0,133.0,https://api.nasdaq.com/api/quote/ORKA/summary?assetclass=stocks,/home/hermes/market-funnel/nasdaq_summary_archive/20260523T034226Z/symbols/ORKA/nasdaq_summary.json
OTEX,OPEN TEXT CORP,NASDAQ,Technology,EDP Services,23.22,23.22,2604555.0,5881647176.0,27.0,https://api.nasdaq.com/api/quote/OTEX/summary?assetclass=stocks,/home/hermes/market-funnel/nasdaq_summary_archive/20260523T034226Z/symbols/OTEX/nasdaq_summary.json
OUST,"Ouster, Inc.",NASDAQ,Industrials,Industrial Machinery/Components,35.09,35.09,5490752.0,2349964200.0,40.0,https://api.nasdaq.com/api/quote/OUST/summary?assetclass=stocks,/home/hermes/market-funnel/nasdaq_summary_archive/20260523T034226Z/symbols/OUST/nasdaq_summary.json
PAA,PLAINS ALL AMERICAN PIPELINE LP,NASDAQ,Energy,Natural Gas Distribution,23.68,23.68,2731254.0,17038590144.0,24.0,https://api.nasdaq.com/api/quote/PAA/summary?assetclass=stocks,/home/hermes/market-funnel/nasdaq_summary_archive/20260523T034226Z/symbols/PAA/nasdaq_summary.json
PAGP,PLAINS GP HOLDINGS LP,NASDAQ,Energy,Natural Gas Distribution,25.51,25.51,2093995.0,5135612018.0,24.0,https://api.nasdaq.com/api/quote/PAGP/summary?assetclass=stocks,/home/hermes/market-funnel/nasdaq_summary_archive/20260523T034226Z/symbols/PAGP/nasdaq_summary.json
PCT,"PureCycle Technologies, Inc.",NASDAQ,Industrials,Major Chemicals,11.33,11.33,3915233.0,2047375386.0,14.0,https://api.nasdaq.com/api/quote/PCT/summary?assetclass=stocks,/home/hermes/market-funnel/nasdaq_summary_archive/20260523T034226Z/symbols/PCT/nasdaq_summary.json
PCVX,"Vaxcyte, Inc.",NASDAQ,Health Care,Biotechnology: Pharmaceutical Preparations,47.39,47.39,1328382.0,6830010359.0,110.0,https://api.nasdaq.com/api/quote/PCVX/summary?assetclass=stocks,/home/hermes/market-funnel/nasdaq_summary_archive/20260523T034226Z/symbols/PCVX/nasdaq_summary.json
PEGA,PEGASYSTEMS INC,NASDAQ,Technology,EDP Services,34.25,34.25,1370440.0,5740436352.0,58.0,https://api.nasdaq.com/api/quote/PEGA/summary?assetclass=stocks,/home/hermes/market-funnel/nasdaq_summary_archive/20260523T034226Z/symbols/PEGA/nasdaq_summary.json
PENG,"Penguin Solutions, Inc.",NASDAQ,Technology,Semiconductors,48.81,48.81,3178030.0,2700274901.0,33.0,https://api.nasdaq.com/api/quote/PENG/summary?assetclass=stocks,/home/hermes/market-funnel/nasdaq_summary_archive/20260523T034226Z/symbols/PENG/nasdaq_summary.json
PENN,"PENN Entertainment, Inc.",NASDAQ,Consumer Discretionary,Hotels/Resorts,16.7,16.7,3204166.0,2259276102.0,21.0,https://api.nasdaq.com/api/quote/PENN/summary?assetclass=stocks,/home/hermes/market-funnel/nasdaq_summary_archive/20260523T034226Z/symbols/PENN/nasdaq_summary.json
PGNY,"Progyny, Inc.",NASDAQ,Health Care,Misc Health and Biotechnology Services,24.69,24.69,1464435.0,1948909366.0,30.0,https://api.nasdaq.com/api/quote/PGNY/summary?assetclass=stocks,/home/hermes/market-funnel/nasdaq_summary_archive/20260523T034226Z/symbols/PGNY/nasdaq_summary.json
PGY,Pagaya Technologies Ltd.,NASDAQ,Finance,Finance: Consumer Services,13.08,13.08,3815149.0,1083298340.0,27.0,https://api.nasdaq.com/api/quote/PGY/summary?assetclass=stocks,/home/hermes/market-funnel/nasdaq_summary_archive/20260523T034226Z/symbols/PGY/nasdaq_summary.json
POET,POET TECHNOLOGIES INC.,NASDAQ,Technology,Semiconductors,14.82,14.82,33765995.0,2230717682.0,7.3,https://api.nasdaq.com/api/quote/POET/summary?assetclass=stocks,/home/hermes/market-funnel/nasdaq_summary_archive/20260523T034226Z/symbols/POET/nasdaq_summary.json
POWI,POWER INTEGRATIONS INC,NASDAQ,Technology,Semiconductors,70.48,70.48,1163458.0,3947760866.0,73.5,https://api.nasdaq.com/api/quote/POWI/summary?assetclass=stocks,/home/hermes/market-funnel/nasdaq_summary_archive/20260523T034226Z/symbols/POWI/nasdaq_summary.json
PPTA,PERPETUA RESOURCES CORP.,NASDAQ,Basic Materials,Precious Metals,26.72,26.72,2736902.0,3167392816.0,39.8,https://api.nasdaq.com/api/quote/PPTA/summary?assetclass=stocks,/home/hermes/market-funnel/nasdaq_summary_archive/20260523T034226Z/symbols/PPTA/nasdaq_summary.json
PRCT,PROCEPT BioRobotics Corp,NASDAQ,Health Care,Medical/Dental Instruments,28.93,28.93,1120090.0,1650646476.0,31.0,https://api.nasdaq.com/api/quote/PRCT/summary?assetclass=stocks,/home/hermes/market-funnel/nasdaq_summary_archive/20260523T034226Z/symbols/PRCT/nasdaq_summary.json
PSKY,Paramount Skydance Corp,NASDAQ,Industrials,Broadcasting,10.28,10.28,5045316.0,11706550187.0,12.0,https://api.nasdaq.com/api/quote/PSKY/summary?assetclass=stocks,/home/hermes/market-funnel/nasdaq_summary_archive/20260523T034226Z/symbols/PSKY/nasdaq_summary.json
PTEN,PATTERSON UTI ENERGY INC,NASDAQ,Energy,Oil & Gas Production,12.21,12.21,5651926.0,4673093308.0,12.0,https://api.nasdaq.com/api/quote/PTEN/summary?assetclass=stocks,/home/hermes/market-funnel/nasdaq_summary_archive/20260523T034226Z/symbols/PTEN/nasdaq_summary.json
PTRN,Pattern Group Inc.,NASDAQ,Consumer Discretionary,Catalog/Specialty Distribution,17.61,17.61,1379389.0,3222500069.0,23.0,https://api.nasdaq.com/api/quote/PTRN/summary?assetclass=stocks,/home/hermes/market-funnel/nasdaq_summary_archive/20260523T034226Z/symbols/PTRN/nasdaq_summary.json
PYPL,"PayPal Holdings, Inc.",NASDAQ,Industrials,Diversified Commercial Services,44.3,44.3,10691690.0,39015525955.0,48.0,https://api.nasdaq.com/api/quote/PYPL/summary?assetclass=stocks,/home/hermes/market-funnel/nasdaq_summary_archive/20260523T034226Z/symbols/PYPL/nasdaq_summary.json
QFIN,"Qfin Holdings, Inc.",NASDAQ,Finance,Finance: Consumer Services,12.36,12.36,3144626.0,1418409449.0,25.4,https://api.nasdaq.com/api/quote/QFIN/summary?assetclass=stocks,/home/hermes/market-funnel/nasdaq_summary_archive/20260523T034226Z/symbols/QFIN/nasdaq_summary.json
QUBT,Quantum Computing Inc.,NASDAQ,Technology,Computer Software: Prepackaged Software,11.41,11.41,68053944.0,2776335690.0,18.0,https://api.nasdaq.com/api/quote/QUBT/summary?assetclass=stocks,/home/hermes/market-funnel/nasdaq_summary_archive/20260523T034226Z/symbols/QUBT/nasdaq_summary.json
RARE,Ultragenyx Pharmaceutical Inc.,NASDAQ,Health Care,Biotechnology: Pharmaceutical Preparations,23.71,23.71,1130581.0,2303662949.0,48.5,https://api.nasdaq.com/api/quote/RARE/summary?assetclass=stocks,/home/hermes/market-funnel/nasdaq_summary_archive/20260523T034226Z/symbols/RARE/nasdaq_summary.json
RELY,"Remitly Global, Inc.",NASDAQ,Consumer Discretionary,Business Services,21.57,21.57,2151100.0,4543908085.0,27.5,https://api.nasdaq.com/api/quote/RELY/summary?assetclass=stocks,/home/hermes/market-funnel/nasdaq_summary_archive/20260523T034226Z/symbols/RELY/nasdaq_summary.json
REYN,Reynolds Consumer Products Inc.,NASDAQ,Consumer Discretionary,Containers/Packaging,21.62,21.62,1115218.0,4592621145.0,24.0,https://api.nasdaq.com/api/quote/REYN/summary?assetclass=stocks,/home/hermes/market-funnel/nasdaq_summary_archive/20260523T034226Z/symbols/REYN/nasdaq_summary.json
RGTI,"Rigetti Computing, Inc.",NASDAQ,Technology,EDP Services,22.04,22.04,204233244.0,8781976481.0,30.5,https://api.nasdaq.com/api/quote/RGTI/summary?assetclass=stocks,/home/hermes/market-funnel/nasdaq_summary_archive/20260523T034226Z/symbols/RGTI/nasdaq_summary.json
RIOT,"Riot Platforms, Inc.",NASDAQ,Finance,Finance: Consumer Services,24.47,24.47,11155160.0,9252669929.0,25.0,https://api.nasdaq.com/api/quote/RIOT/summary?assetclass=stocks,/home/hermes/market-funnel/nasdaq_summary_archive/20260523T034226Z/symbols/RIOT/nasdaq_summary.json
RIVN,"Rivian Automotive, Inc. / DE",NASDAQ,Industrials,Auto Manufacturing,14.15,14.15,27073449.0,17923141031.0,17.0,https://api.nasdaq.com/api/quote/RIVN/summary?assetclass=stocks,/home/hermes/market-funnel/nasdaq_summary_archive/20260523T034226Z/symbols/RIVN/nasdaq_summary.json
RLAY,"Relay Therapeutics, Inc.",NASDAQ,Health Care,Biotechnology: Biological Products (No Diagnostic Substances),13.66,13.66,5355400.0,2592160812.0,21.5,https://api.nasdaq.com/api/quote/RLAY/summary?assetclass=stocks,/home/hermes/market-funnel/nasdaq_summary_archive/20260523T034226Z/symbols/RLAY/nasdaq_summary.json
ROIV,Roivant Sciences Ltd.,NASDAQ,Health Care,Biotechnology: Pharmaceutical Preparations,30.88,30.88,5874507.0,21549340735.0,36.5,https://api.nasdaq.com/api/quote/ROIV/summary?assetclass=stocks,/home/hermes/market-funnel/nasdaq_summary_archive/20260523T034226Z/symbols/ROIV/nasdaq_summary.json
RPRX,Royalty Pharma plc,NASDAQ,Health Care,Biotechnology: Pharmaceutical Preparations,53.55,53.55,3054009.0,31382855118.0,59.0,https://api.nasdaq.com/api/quote/RPRX/summary?assetclass=stocks,/home/hermes/market-funnel/nasdaq_summary_archive/20260523T034226Z/symbols/RPRX/nasdaq_summary.json
RRR,"Red Rock Resorts, Inc.",NASDAQ,Consumer Discretionary,Hotels/Resorts,53.37,53.37,1230214.0,5778982636.0,67.0,https://api.nasdaq.com/api/quote/RRR/summary?assetclass=stocks,/home/hermes/market-funnel/nasdaq_summary_archive/20260523T034226Z/symbols/RRR/nasdaq_summary.json
RUN,Sunrun Inc.,NASDAQ,Miscellaneous,Industrial Machinery/Components,14.445,14.445,5841028.0,3487590576.0,20.0,https://api.nasdaq.com/api/quote/RUN/summary?assetclass=stocks,/home/hermes/market-funnel/nasdaq_summary_archive/20260523T034226Z/symbols/RUN/nasdaq_summary.json
RYAAY,RYANAIR HOLDINGS PLC,NASDAQ,Consumer Discretionary,Air Freight/Delivery Services,57.42,57.42,2605710.0,31374058500.0,79.0,https://api.nasdaq.com/api/quote/RYAAY/summary?assetclass=stocks,/home/hermes/market-funnel/nasdaq_summary_archive/20260523T034226Z/symbols/RYAAY/nasdaq_summary.json
SAIL,"SailPoint, Inc.",NASDAQ,Technology,Computer Software: Prepackaged Software,15.01,15.01,2693380.0,8933755745.0,18.0,https://api.nasdaq.com/api/quote/SAIL/summary?assetclass=stocks,/home/hermes/market-funnel/nasdaq_summary_archive/20260523T034226Z/symbols/SAIL/nasdaq_summary.json
SBLK,Star Bulk Carriers Corp.,NASDAQ,Consumer Discretionary,Marine Transportation,26.92,26.92,1470594.0,2944395960.0,30.0,https://api.nasdaq.com/api/quote/SBLK/summary?assetclass=stocks,/home/hermes/market-funnel/nasdaq_summary_archive/20260523T034226Z/symbols/SBLK/nasdaq_summary.json
SBRA,"Sabra Health Care REIT, Inc.",NASDAQ,Real Estate,Real Estate Investment Trusts,20.71,20.71,2100525.0,5225378768.0,22.0,https://api.nasdaq.com/api/quote/SBRA/summary?assetclass=stocks,/home/hermes/market-funnel/nasdaq_summary_archive/20260523T034226Z/symbols/SBRA/nasdaq_summary.json
SEDG,"SOLAREDGE TECHNOLOGIES, INC.",NASDAQ,Technology,Semiconductors,63.0,63.0,4079940.0,3767687614.0,36.0,https://api.nasdaq.com/api/quote/SEDG/summary?assetclass=stocks,/home/hermes/market-funnel/nasdaq_summary_archive/20260523T034226Z/symbols/SEDG/nasdaq_summary.json
SGML,Sigma Lithium Corp,NASDAQ,Basic Materials,Metal Mining,15.55,15.55,8748127.0,1657676328.0,21.25,https://api.nasdaq.com/api/quote/SGML/summary?assetclass=stocks,/home/hermes/market-funnel/nasdaq_summary_archive/20260523T034226Z/symbols/SGML/nasdaq_summary.json
SHAZ,SharonAI Holdings Inc.,NASDAQ,Technology,EDP Services,57.7,57.7,1225631.0,1139613723.0,79.5,https://api.nasdaq.com/api/quote/SHAZ/summary?assetclass=stocks,/home/hermes/market-funnel/nasdaq_summary_archive/20260523T034226Z/symbols/SHAZ/nasdaq_summary.json
SHC,Sotera Health Co,NASDAQ,Health Care,Misc Health and Biotechnology Services,15.71,15.71,2312976.0,4465715126.0,19.5,https://api.nasdaq.com/api/quote/SHC/summary?assetclass=stocks,/home/hermes/market-funnel/nasdaq_summary_archive/20260523T034226Z/symbols/SHC/nasdaq_summary.json
SIRI,SIRIUS XM HOLDINGS INC.,NASDAQ,Consumer Discretionary,Broadcasting,28.99,28.99,4944057.0,9724949951.0,26.0,https://api.nasdaq.com/api/quote/SIRI/summary?assetclass=stocks,/home/hermes/market-funnel/nasdaq_summary_archive/20260523T034226Z/symbols/SIRI/nasdaq_summary.json
SKYT,"SkyWater Technology, Inc",NASDAQ,Technology,Semiconductors,37.0,37.0,1391052.0,1830903240.0,35.0,https://api.nasdaq.com/api/quote/SKYT/summary?assetclass=stocks,/home/hermes/market-funnel/nasdaq_summary_archive/20260523T034226Z/symbols/SKYT/nasdaq_summary.json
SLM,SLM Corp,NASDAQ,Finance,Finance: Consumer Services,21.95,21.95,1007493.0,4177334839.0,29.0,https://api.nasdaq.com/api/quote/SLM/summary?assetclass=stocks,/home/hermes/market-funnel/nasdaq_summary_archive/20260523T034226Z/symbols/SLM/nasdaq_summary.json
SMCI,"Super Micro Computer, Inc.",NASDAQ,Technology,Computer Manufacturing,33.46,33.46,39440985.0,21398469590.0,34.0,https://api.nasdaq.com/api/quote/SMCI/summary?assetclass=stocks,/home/hermes/market-funnel/nasdaq_summary_archive/20260523T034226Z/symbols/SMCI/nasdaq_summary.json
SMMT,Summit Therapeutics Inc.,NASDAQ,Health Care,Biotechnology: Pharmaceutical Preparations,17.47,17.47,6891172.0,12899823160.0,33.0,https://api.nasdaq.com/api/quote/SMMT/summary?assetclass=stocks,/home/hermes/market-funnel/nasdaq_summary_archive/20260523T034226Z/symbols/SMMT/nasdaq_summary.json
SMPL,Simply Good Foods Co,NASDAQ,Consumer Staples,Packaged Foods,11.6,11.6,1558262.0,1073199825.0,15.5,https://api.nasdaq.com/api/quote/SMPL/summary?assetclass=stocks,/home/hermes/market-funnel/nasdaq_summary_archive/20260523T034226Z/symbols/SMPL/nasdaq_summary.json
SNDX,Syndax Pharmaceuticals Inc,NASDAQ,Health Care,Biotechnology: Pharmaceutical Preparations,19.77,19.77,1146150.0,1766603203.0,37.0,https://api.nasdaq.com/api/quote/SNDX/summary?assetclass=stocks,/home/hermes/market-funnel/nasdaq_summary_archive/20260523T034226Z/symbols/SNDX/nasdaq_summary.json
SNY,Sanofi,NASDAQ,Health Care,Biotechnology: Pharmaceutical Preparations,44.92,44.92,2763388.0,108016852164.0,54.75,https://api.nasdaq.com/api/quote/SNY/summary?assetclass=stocks,/home/hermes/market-funnel/nasdaq_summary_archive/20260523T034226Z/symbols/SNY/nasdaq_summary.json
SOFI,"SoFi Technologies, Inc.",NASDAQ,Finance,Finance: Consumer Services,15.65,15.65,58168301.0,20036417544.0,18.0,https://api.nasdaq.com/api/quote/SOFI/summary?assetclass=stocks,/home/hermes/market-funnel/nasdaq_summary_archive/20260523T034226Z/symbols/SOFI/nasdaq_summary.json
SONO,Sonos Inc,NASDAQ,Consumer Staples,Consumer Electronics/Appliances,14.72,14.72,1740317.0,1847685687.0,21.0,https://api.nasdaq.com/api/quote/SONO/summary?assetclass=stocks,/home/hermes/market-funnel/nasdaq_summary_archive/20260523T034226Z/symbols/SONO/nasdaq_summary.json
SRAD,Sportradar Group AG,NASDAQ,Technology,"Computer Software: Programming, Data Processing",13.0,13.0,1998254.0,4062198453.0,19.0,https://api.nasdaq.com/api/quote/SRAD/summary?assetclass=stocks,/home/hermes/market-funnel/nasdaq_summary_archive/20260523T034226Z/symbols/SRAD/nasdaq_summary.json
SRPT,"Sarepta Therapeutics, Inc.",NASDAQ,Health Care,Biotechnology: Pharmaceutical Preparations,16.96,16.96,1959183.0,1773680530.0,20.0,https://api.nasdaq.com/api/quote/SRPT/summary?assetclass=stocks,/home/hermes/market-funnel/nasdaq_summary_archive/20260523T034226Z/symbols/SRPT/nasdaq_summary.json
SSNC,SS&C Technologies Holdings Inc,NASDAQ,Technology,Computer Software: Prepackaged Software,66.95,66.95,1951288.0,16145513975.0,93.0,https://api.nasdaq.com/api/quote/SSNC/summary?assetclass=stocks,/home/hermes/market-funnel/nasdaq_summary_archive/20260523T034226Z/symbols/SSNC/nasdaq_summary.json
SSRM,SSR MINING INC.,NASDAQ,Industrials,Precious Metals,30.25,30.25,1782013.0,6434746477.0,42.08,https://api.nasdaq.com/api/quote/SSRM/summary?assetclass=stocks,/home/hermes/market-funnel/nasdaq_summary_archive/20260523T034226Z/symbols/SSRM/nasdaq_summary.json
STEP,StepStone Group Inc.,NASDAQ,Finance,Investment Managers,54.74,54.74,1323694.0,6403748576.0,66.5,https://api.nasdaq.com/api/quote/STEP/summary?assetclass=stocks,/home/hermes/market-funnel/nasdaq_summary_archive/20260523T034226Z/symbols/STEP/nasdaq_summary.json
STNE,StoneCo Ltd.,NASDAQ,Technology,EDP Services,11.1,11.1,5683105.0,2675510486.0,15.0,https://api.nasdaq.com/api/quote/STNE/summary?assetclass=stocks,/home/hermes/market-funnel/nasdaq_summary_archive/20260523T034226Z/symbols/STNE/nasdaq_summary.json
SWKS,"SKYWORKS SOLUTIONS, INC.",NASDAQ,Technology,Semiconductors,73.54,73.54,5338630.0,12396459470.0,73.5,https://api.nasdaq.com/api/quote/SWKS/summary?assetclass=stocks,/home/hermes/market-funnel/nasdaq_summary_archive/20260523T034226Z/symbols/SWKS/nasdaq_summary.json
SYM,Symbotic Inc.,NASDAQ,Industrials,Industrial Machinery/Components,50.95,50.95,2926934.0,32564249214.0,70.0,https://api.nasdaq.com/api/quote/SYM/summary?assetclass=stocks,/home/hermes/market-funnel/nasdaq_summary_archive/20260523T034226Z/symbols/SYM/nasdaq_summary.json
TCOM,Trip.com Group Ltd,NASDAQ,Consumer Discretionary,Business Services,48.06,48.06,5394275.0,29199431144.0,79.5,https://api.nasdaq.com/api/quote/TCOM/summary?assetclass=stocks,/home/hermes/market-funnel/nasdaq_summary_archive/20260523T034226Z/symbols/TCOM/nasdaq_summary.json
TECH,BIO-TECHNE Corp,NASDAQ,Health Care,Biotechnology: Biological Products (No Diagnostic Substances),47.37,47.37,2535188.0,7548179486.0,65.5,https://api.nasdaq.com/api/quote/TECH/summary?assetclass=stocks,/home/hermes/market-funnel/nasdaq_summary_archive/20260523T034226Z/symbols/TECH/nasdaq_summary.json
TEM,"Tempus AI, Inc.",NASDAQ,Technology,"Computer Software: Programming, Data Processing",46.49,46.49,4302521.0,8292300940.0,64.0,https://api.nasdaq.com/api/quote/TEM/summary?assetclass=stocks,/home/hermes/market-funnel/nasdaq_summary_archive/20260523T034226Z/symbols/TEM/nasdaq_summary.json
TENB,"Tenable Holdings, Inc.",NASDAQ,Technology,Computer Software: Prepackaged Software,25.17,25.17,3798607.0,2806421713.0,27.0,https://api.nasdaq.com/api/quote/TENB/summary?assetclass=stocks,/home/hermes/market-funnel/nasdaq_summary_archive/20260523T034226Z/symbols/TENB/nasdaq_summary.json
TGTX,"TG THERAPEUTICS, INC.",NASDAQ,Health Care,Biotechnology: Pharmaceutical Preparations,39.24,39.24,1358543.0,5950358755.0,50.0,https://api.nasdaq.com/api/quote/TGTX/summary?assetclass=stocks,/home/hermes/market-funnel/nasdaq_summary_archive/20260523T034226Z/symbols/TGTX/nasdaq_summary.json
TMDX,"TransMedics Group, Inc.",NASDAQ,Health Care,Biotechnology: Electromedical & Electrotherapeutic Apparatus,68.85,68.85,1152218.0,2382456400.0,120.0,https://api.nasdaq.com/api/quote/TMDX/summary?assetclass=stocks,/home/hermes/market-funnel/nasdaq_summary_archive/20260523T034226Z/symbols/TMDX/nasdaq_summary.json
TNDM,TANDEM DIABETES CARE INC,NASDAQ,Health Care,Medical/Dental Instruments,15.76,15.76,1989793.0,1025537817.0,28.0,https://api.nasdaq.com/api/quote/TNDM/summary?assetclass=stocks,/home/hermes/market-funnel/nasdaq_summary_archive/20260523T034226Z/symbols/TNDM/nasdaq_summary.json
TNGX,"Tango Therapeutics, Inc.",NASDAQ,Health Care,Biotechnology: Pharmaceutical Preparations,21.62,21.62,1651476.0,2927675156.0,30.0,https://api.nasdaq.com/api/quote/TNGX/summary?assetclass=stocks,/home/hermes/market-funnel/nasdaq_summary_archive/20260523T034226Z/symbols/TNGX/nasdaq_summary.json
TPG,TPG Inc.,NASDAQ,Finance,Investment Managers,41.75,41.75,1786118.0,15995079757.0,58.0,https://api.nasdaq.com/api/quote/TPG/summary?assetclass=stocks,/home/hermes/market-funnel/nasdaq_summary_archive/20260523T034226Z/symbols/TPG/nasdaq_summary.json
TRMB,TRIMBLE INC.,NASDAQ,Industrials,Industrial Machinery/Components,55.97,55.97,2181630.0,13133502980.0,87.0,https://api.nasdaq.com/api/quote/TRMB/summary?assetclass=stocks,/home/hermes/market-funnel/nasdaq_summary_archive/20260523T034226Z/symbols/TRMB/nasdaq_summary.json
TRMD,TORM plc,NASDAQ,Consumer Discretionary,Marine Transportation,32.49,32.49,1145332.0,3170700402.0,35.0,https://api.nasdaq.com/api/quote/TRMD/summary?assetclass=stocks,/home/hermes/market-funnel/nasdaq_summary_archive/20260523T034226Z/symbols/TRMD/nasdaq_summary.json
TRVI,"Trevi Therapeutics, Inc.",NASDAQ,Health Care,Biotechnology: Pharmaceutical Preparations,14.16,14.16,1323236.0,2006173274.0,24.0,https://api.nasdaq.com/api/quote/TRVI/summary?assetclass=stocks,/home/hermes/market-funnel/nasdaq_summary_archive/20260523T034226Z/symbols/TRVI/nasdaq_summary.json
TSCO,TRACTOR SUPPLY CO /DE/,NASDAQ,Consumer Discretionary,RETAIL: Building Materials,31.67,31.67,7566591.0,16583096858.0,47.0,https://api.nasdaq.com/api/quote/TSCO/summary?assetclass=stocks,/home/hermes/market-funnel/nasdaq_summary_archive/20260523T034226Z/symbols/TSCO/nasdaq_summary.json
TTD,"Trade Desk, Inc.",NASDAQ,Technology,"Computer Software: Programming, Data Processing",21.28,21.28,16293641.0,10521025119.0,25.0,https://api.nasdaq.com/api/quote/TTD/summary?assetclass=stocks,/home/hermes/market-funnel/nasdaq_summary_archive/20260523T034226Z/symbols/TTD/nasdaq_summary.json
TTEK,TETRA TECH INC,NASDAQ,Consumer Discretionary,Military/Government/Technical,27.25,27.25,2679638.0,7175857927.0,40.0,https://api.nasdaq.com/api/quote/TTEK/summary?assetclass=stocks,/home/hermes/market-funnel/nasdaq_summary_archive/20260523T034226Z/symbols/TTEK/nasdaq_summary.json
TWST,Twist Bioscience Corp,NASDAQ,Health Care,Biotechnology: Biological Products (No Diagnostic Substances),58.835,58.835,1618078.0,3771773489.0,65.5,https://api.nasdaq.com/api/quote/TWST/summary?assetclass=stocks,/home/hermes/market-funnel/nasdaq_summary_archive/20260523T034226Z/symbols/TWST/nasdaq_summary.json
TXG,"10x Genomics, Inc.",NASDAQ,Industrials,Biotechnology: Laboratory Analytical Instruments,24.68,24.68,3799021.0,3006322556.0,24.0,https://api.nasdaq.com/api/quote/TXG/summary?assetclass=stocks,/home/hermes/market-funnel/nasdaq_summary_archive/20260523T034226Z/symbols/TXG/nasdaq_summary.json
UNIT,Uniti Group Inc.,NASDAQ,Real Estate,Real Estate Investment Trusts,11.12,11.12,1199380.0,2680684798.0,11.38,https://api.nasdaq.com/api/quote/UNIT/summary?assetclass=stocks,/home/hermes/market-funnel/nasdaq_summary_archive/20260523T034226Z/symbols/UNIT/nasdaq_summary.json
UPST,"Upstart Holdings, Inc.",NASDAQ,Finance,Finance: Consumer Services,28.85,28.85,3263023.0,2733522411.0,36.0,https://api.nasdaq.com/api/quote/UPST/summary?assetclass=stocks,/home/hermes/market-funnel/nasdaq_summary_archive/20260523T034226Z/symbols/UPST/nasdaq_summary.json
URBN,URBAN OUTFITTERS INC,NASDAQ,Consumer Discretionary,Clothing/Shoe/Accessory Stores,73.76,73.76,1250489.0,6455808934.0,82.5,https://api.nasdaq.com/api/quote/URBN/summary?assetclass=stocks,/home/hermes/market-funnel/nasdaq_summary_archive/20260523T034226Z/symbols/URBN/nasdaq_summary.json
USAR,"USA Rare Earth, Inc.",NASDAQ,Basic Materials,Metal Mining,24.29,24.29,18253936.0,5642794760.0,35.0,https://api.nasdaq.com/api/quote/USAR/summary?assetclass=stocks,/home/hermes/market-funnel/nasdaq_summary_archive/20260523T034226Z/symbols/USAR/nasdaq_summary.json
VCYT,"VERACYTE, INC.",NASDAQ,Health Care,Medical Specialities,45.19,45.19,1398703.0,3593062894.0,48.0,https://api.nasdaq.com/api/quote/VCYT/summary?assetclass=stocks,/home/hermes/market-funnel/nasdaq_summary_archive/20260523T034226Z/symbols/VCYT/nasdaq_summary.json
VIAV,VIAVI SOLUTIONS INC.,NASDAQ,Technology,Semiconductors,48.98,48.98,4588740.0,11580778644.0,65.0,https://api.nasdaq.com/api/quote/VIAV/summary?assetclass=stocks,/home/hermes/market-funnel/nasdaq_summary_archive/20260523T034226Z/symbols/VIAV/nasdaq_summary.json
VISN,"Vistance Networks, Inc.",NASDAQ,Technology,Radio And Television Broadcasting And Communications Equipment,11.9,11.9,5016346.0,2774506461.0,17.0,https://api.nasdaq.com/api/quote/VISN/summary?assetclass=stocks,/home/hermes/market-funnel/nasdaq_summary_archive/20260523T034226Z/symbols/VISN/nasdaq_summary.json
VKTX,"Viking Therapeutics, Inc.",NASDAQ,Health Care,Biotechnology: Pharmaceutical Preparations,30.68,30.68,1222923.0,3586503312.0,97.5,https://api.nasdaq.com/api/quote/VKTX/summary?assetclass=stocks,/home/hermes/market-funnel/nasdaq_summary_archive/20260523T034226Z/symbols/VKTX/nasdaq_summary.json
VLY,VALLEY NATIONAL BANCORP,NASDAQ,Finance,Major Banks,13.41,13.41,5232833.0,7508481527.0,16.0,https://api.nasdaq.com/api/quote/VLY/summary?assetclass=stocks,/home/hermes/market-funnel/nasdaq_summary_archive/20260523T034226Z/symbols/VLY/nasdaq_summary.json
VNOM,"Viper Energy, Inc.",NASDAQ,Energy,Oil & Gas Production,46.95,46.95,1672341.0,16834708602.0,58.0,https://api.nasdaq.com/api/quote/VNOM/summary?assetclass=stocks,/home/hermes/market-funnel/nasdaq_summary_archive/20260523T034226Z/symbols/VNOM/nasdaq_summary.json
VOD,VODAFONE GROUP PUBLIC LTD CO,NASDAQ,Telecommunications,Telecommunications Equipment,15.11,15.11,2416927.0,35495958520.0,11.58,https://api.nasdaq.com/api/quote/VOD/summary?assetclass=stocks,/home/hermes/market-funnel/nasdaq_summary_archive/20260523T034226Z/symbols/VOD/nasdaq_summary.json
VRDN,"Viridian Therapeutics, Inc.\DE",NASDAQ,Health Care,Medical Specialities,17.69,17.69,2799319.0,1777008518.0,34.5,https://api.nasdaq.com/api/quote/VRDN/summary?assetclass=stocks,/home/hermes/market-funnel/nasdaq_summary_archive/20260523T034226Z/symbols/VRDN/nasdaq_summary.json
VRNS,VARONIS SYSTEMS INC,NASDAQ,Technology,Computer Software: Prepackaged Software,30.66,30.66,1531435.0,3559238650.0,36.0,https://api.nasdaq.com/api/quote/VRNS/summary?assetclass=stocks,/home/hermes/market-funnel/nasdaq_summary_archive/20260523T034226Z/symbols/VRNS/nasdaq_summary.json
VRRM,VERRA MOBILITY Corp,NASDAQ,Consumer Discretionary,Transportation Services,13.37,13.37,1704331.0,2049220749.0,22.0,https://api.nasdaq.com/api/quote/VRRM/summary?assetclass=stocks,/home/hermes/market-funnel/nasdaq_summary_archive/20260523T034226Z/symbols/VRRM/nasdaq_summary.json
VSAT,VIASAT INC,NASDAQ,Technology,Radio And Television Broadcasting And Communications Equipment,70.76,70.76,2301035.0,10127589259.0,54.5,https://api.nasdaq.com/api/quote/VSAT/summary?assetclass=stocks,/home/hermes/market-funnel/nasdaq_summary_archive/20260523T034226Z/symbols/VSAT/nasdaq_summary.json
VSNT,"Versant Media Group, Inc.",NASDAQ,Industrials,Broadcasting,42.13,42.13,1638557.0,6037720300.0,43.0,https://api.nasdaq.com/api/quote/VSNT/summary?assetclass=stocks,/home/hermes/market-funnel/nasdaq_summary_archive/20260523T034226Z/symbols/VSNT/nasdaq_summary.json
VTRS,Viatris Inc,NASDAQ,Health Care,Biotechnology: Pharmaceutical Preparations,16.34,16.34,7362478.0,19389801689.0,18.0,https://api.nasdaq.com/api/quote/VTRS/summary?assetclass=stocks,/home/hermes/market-funnel/nasdaq_summary_archive/20260523T034226Z/symbols/VTRS/nasdaq_summary.json
WAY,Waystar Holding Corp.,NASDAQ,Technology,EDP Services,18.835,18.835,2132910.0,3753778277.0,34.0,https://api.nasdaq.com/api/quote/WAY/summary?assetclass=stocks,/home/hermes/market-funnel/nasdaq_summary_archive/20260523T034226Z/symbols/WAY/nasdaq_summary.json
WBD,"Warner Bros. Discovery, Inc.",NASDAQ,Consumer Discretionary,Services-Misc. Amusement & Recreation,27.1,27.1,19347609.0,67767905055.0,31.0,https://api.nasdaq.com/api/quote/WBD/summary?assetclass=stocks,/home/hermes/market-funnel/nasdaq_summary_archive/20260523T034226Z/symbols/WBD/nasdaq_summary.json
WGS,GeneDx Holdings Corp.,NASDAQ,Technology,Retail: Computer Software & Peripheral Equipment,47.33,47.33,1089442.0,1404540557.0,75.0,https://api.nasdaq.com/api/quote/WGS/summary?assetclass=stocks,/home/hermes/market-funnel/nasdaq_summary_archive/20260523T034226Z/symbols/WGS/nasdaq_summary.json
WIX,Wix.com Ltd.,NASDAQ,Technology,"Computer Software: Programming, Data Processing",55.24,55.24,1866982.0,2927974025.0,85.5,https://api.nasdaq.com/api/quote/WIX/summary?assetclass=stocks,/home/hermes/market-funnel/nasdaq_summary_archive/20260523T034226Z/symbols/WIX/nasdaq_summary.json
WMG,Warner Music Group Corp.,NASDAQ,Consumer Discretionary,Services-Misc. Amusement & Recreation,34.58,34.58,3104957.0,18110491132.0,39.5,https://api.nasdaq.com/api/quote/WMG/summary?assetclass=stocks,/home/hermes/market-funnel/nasdaq_summary_archive/20260523T034226Z/symbols/WMG/nasdaq_summary.json
WSC,WillScot Holdings Corp,NASDAQ,Industrials,Misc Corporate Leasing Services,24.14,24.14,1649184.0,4485048146.0,27.0,https://api.nasdaq.com/api/quote/WSC/summary?assetclass=stocks,/home/hermes/market-funnel/nasdaq_summary_archive/20260523T034226Z/symbols/WSC/nasdaq_summary.json
WULF,TERAWULF INC.,NASDAQ,Technology,EDP Services,22.92,22.92,20787625.0,11308054959.0,30.0,https://api.nasdaq.com/api/quote/WULF/summary?assetclass=stocks,/home/hermes/market-funnel/nasdaq_summary_archive/20260523T034226Z/symbols/WULF/nasdaq_summary.json
WYFI,"WhiteFiber, Inc.",NASDAQ,Finance,Finance: Consumer Services,29.55,29.55,1805681.0,1165763181.0,33.5,https://api.nasdaq.com/api/quote/WYFI/summary?assetclass=stocks,/home/hermes/market-funnel/nasdaq_summary_archive/20260523T034226Z/symbols/WYFI/nasdaq_summary.json
XE,"X-Energy, Inc.",NASDAQ,Industrials,Metal Fabrications,29.0,29.0,2874397.0,11193441711.0,38.0,https://api.nasdaq.com/api/quote/XE/summary?assetclass=stocks,/home/hermes/market-funnel/nasdaq_summary_archive/20260523T034226Z/symbols/XE/nasdaq_summary.json
XNDU,Xanadu Quantum Technologies Ltd,NASDAQ,Technology,Computer Manufacturing,14.45,14.45,8401995.0,4531402506.0,44.0,https://api.nasdaq.com/api/quote/XNDU/summary?assetclass=stocks,/home/hermes/market-funnel/nasdaq_summary_archive/20260523T034226Z/symbols/XNDU/nasdaq_summary.json
XP,XP Inc.,NASDAQ,Finance,Investment Bankers/Brokers/Service,17.92,17.92,7863544.0,8718006814.0,26.0,https://api.nasdaq.com/api/quote/XP/summary?assetclass=stocks,/home/hermes/market-funnel/nasdaq_summary_archive/20260523T034226Z/symbols/XP/nasdaq_summary.json
Z,"ZILLOW GROUP, INC.",NASDAQ,Consumer Discretionary,Business Services,36.75,36.75,2902233.0,8314657775.0,66.5,https://api.nasdaq.com/api/quote/Z/summary?assetclass=stocks,/home/hermes/market-funnel/nasdaq_summary_archive/20260523T034226Z/symbols/Z/nasdaq_summary.json
